question,answer,generate_source
VERTU Agent Q手机系统可以更新5年吗?,这款手机系统支持长期更新，正常使用五六年都没问题。,京东.json
VERTU agent Q 国际版在国内使用是否方便？,国际版专为海外设计，国内使用需翻墙。Gmail、YouTube等应用可能受限，不建议长期在国内使用。,京东.json
VERTU Agent Q手机有没有超级岛功能？,VERTU Agent Q手机没有超级岛功能。,京东.json
VERTU AGENT Q 旗舰新品手机的材质和工艺有哪些特点？,宝石级陶瓷边框：历经千度煅烧，硬度匹敌钻石，触感温润如玉，日常使用划痕不侵；殿堂级金刚转轴：采用经典“巴黎饰钉”工艺，内藏1800兆帕超强钢龙骨，开合65万次依然稳固如初；三种高定背盖可选：意大利头层小牛皮（随岁月沉淀专属时光烙印）、天然缠丝玛瑙（世间独一无二纹理，为幸运图腾）、航天级钛合金（轻若无物，坚不可摧，代表极致科技）。,京东.json
VERTU AGENT Q 旗舰新品是否有多个系统？,这款三系统手机，一部顶三部。主系统、加密系统、伪装系统，不同指纹或密码自由切换，安全又便捷。,京东.json
VERTU AGENT Q旗舰手机耐摔吗？,这款旗舰手机是目前最抗摔的折叠屏，坚固耐用，老板放心使用。,京东.json
VERTU AGENT Q旗舰新品内存多大？,这款内存配置为16G运行+1T存储+10T分步式存储，运行流畅，存储空间超大。,京东.json
VERTU AGENT Q 旗舰新品手机防监听吗？,支持双向卫星通话，配备私人管家服务。采用量子加密：MetaSpace量子安全三域系统，包括量子指纹切换、数据隔离技术、安全自毁功能、伪装系统及VDAO量子加密聊天。,京东.json
VERTU AGENT Q 旗舰新品是否包含皮套？,是的，这款会加赠皮套。送的皮套质感高级，保护又显档次。,京东.json
VERTU AGENT Q 旗舰新品基于安卓系统吗？,VERTU AGENT Q 旗舰新品基于安卓系统，独家定制了更方便操作、更安全的VERTU OS，页面和操作逻辑更符合国人的使用体验。,京东.json
VERTU Agent Q防水吗?,VERTU Agent Q采用珍贵皮革材质，日常溅水无需担心。建议及时用干净布料擦拭，保持干燥。,京东.json
VERTU AGENT Q基于华为系统吗?,VERTU AGENT Q基于安卓系统深度定制，操作更顺手，安全更可靠。,京东.json
VERTU Agent Q手机有哪些核心配置和功能？,全球首款AI Agent手机，搭载3nm骁龙8 Elite至尊版，16GB+1TB存储搭配10TB分布式存储；6.02英寸120Hz柔性AMOLED屏；影像系统为5000万主摄（可变光圈+OIS）+6400万长焦（微距）+5000万超广角，覆盖13mm-140mm全焦段；内置5565mAh硅基电池+65W快充；支持双卫星双向通话；配备A5加密芯片+一机三系统，端到端加密保障安全；瑞表级工艺机身搭配珍稀皮革与红宝石按键；拥有200+AI智能体与7x24真人管家，兼顾实用与奢华。,京东.json
VERTU AGENT Q旗舰手机价格贵的特点有哪些？,VERTU AGENT Q是全球首款AI智能体手机，集顶尖性能与奢华设计于一体。  融合高端工艺与智能科技，带来专属尊享体验。,京东.json
VERTU AGENT Q旗舰手机需要使用手机套吗？,这款手机设计精致，日常使用可不加套。根据个人习惯决定是否佩戴保护套。,京东.json
VERTU AGENT Q 橙色鳄鱼皮款手机使用什么材质？,316L精钢、红宝石按键、珍稀鳄鱼皮材质，工艺远超普通金属玻璃机身；搭配7x24真人管家服务，不仅是手机更是专属身份标识，稀缺性无可替代。还赠送价值4299的小牛皮手机皮套。,京东.json
VERTU AGENT Q 旗舰新品包含哪些配件？,VERTU AGENT Q 旗舰新品配备齐全，包含手机、充电配件、说明书及多重贴心服务。  支持180天只换不修，买贵退差，七天无理由退换。  还有24期免息分期，购物更轻松。,京东.json
VERTU AGENT Q支持获取root权限吗?,您留下联系方式，我发您更清晰的实物图和功能介绍，方便您直观了解。,京东.json
VERTU AGENT Q 手机贴膜是否包含专用工具？,贴膜仅包含膜本身，不包含专用工具。我给您看看贴膜视频指导[VERTU AGENT Q 贴膜安装视频],京东.json
VERTU AGENT Q 旗舰新品手机最大的优势是什么？,这款旗舰手机搭载量子折叠屏，AI功能强大。  支持AI会议纪要、健身教练、美颜视频等实用功能。  还能断网修图、0.3秒搜图，翻译更流畅。,京东.json
VERTU AGENT Q旗舰新品是否具备量子级加密功能？如何保障信息安全？,具备量子级加密功能，从芯片到通话实现端到端VDAO量子加密，确保通信绝对私密，无法破译；同时支持金融级防护，保障交易安全。,京东.json
VERTU AGENT Q 奢品AI智能体手机的配置、价格和AI功能有哪些？,VERTU AGENT Q 是旗舰级AI智能机，支持全方位AI功能。  留下联系方式，专属顾问将为您详细介绍配置与价格。  还有精美画册奉上，一对一服务更贴心。,京东.json
METAVERTU和VERTU量子折叠手机有什么区别？,METAVERTU即为VERTU量子折叠手机的型号名称，两者为同一产品。该机型采用AI双曲面屏，使用柔性OLED材质弯曲成型，具备沉浸式观感、光线反射优化和美学价值。屏幕两侧向中框延伸，带来更广阔的视觉边界，尤其在21:9宽屏内容中表现优异；弧形设计减少环境光直射，降低反光干扰；流线型外观赋予高端质感，部分机型采用2.5°-5°微曲设计，平衡美感与实用性。,京东.json
VERTU Agent Q手机产地是哪里？,这款手机在国内完成组装，品质可靠，售后有保障。,京东.json
VERTU Agent Q手机在隐私加密方面具备哪些优势？例如小米手机提供的空白通行证功能。,VERTU Agent Q配备A5硬件加密芯片，实现端到端加密。  通讯数据经欧洲服务器处理，符合欧盟法律，全球用户同等保护。  10TB分布式加密存储，文件永久安全，不可篡改。,京东.json
VERTU agent Q 国际版能否使用国内SIM卡？,可以使用国内SIM卡，但部分功能可能受限。需翻墙才能使用谷歌服务。,京东.json
VERTU AGENT Q 旗舰新品是折叠屏手机吗？,不是折叠屏，是直面屏设计。配置高，最新款旗舰机。,京东.json
VERTU AGENT Q旗舰新品支持多少个微信账号同时登录？,支持在三个系统中同时登录，最多可绑定4个微信账号，使用更方便。,京东.json
VERTU Agent Q的卡巢是防水吗?,VERTU Agent Q的卡巢不防水。  手机采用珍贵皮革材质，日常溅水可接受，但请尽快擦干。,京东.json
VERTU AGENT Q旗舰新品的AI功能有哪些？,这款旗舰机搭载6项AI功能，会议记录、健身指导、美颜视频都更智能。  支持实时翻译、0.3秒搜图，断网也能修图。  让日常使用更高效，体验更流畅。,京东.json
VERTU AGENT Q 朱雀焰碳纤维材质款与棕色小牛皮款后盖有什么区别？,朱雀焰款采用碳纤维材质，更显科技感。棕色小牛皮款质感温润，手感更佳。两款功能完全一样。,京东.json
VERTU AGENT Q智能钻戒能否无创测血糖？,可以的，VERTU AGENT Q智能钻戒采用拉曼光谱法原理，内置PPG生物追踪光学传感器，通过发射近红外光照射手腕/手指皮肤，检测反射光的光学参数变化。PPG传感器可捕捉皮肤微血管中血液容积的变化，从而获取心率和血氧饱和度等生理参数，结合数学模型与多参数融合算法，最终实现无创血糖检测。无需采血，可连续或定点测量，佩戴便捷。,京东.json
VERTU AGENT Q旗舰新品自带钱包吗?,是的，支持MPC加密钱包，安全又便捷。,京东.json
VERTU AGENT Q旗舰新品采用什么处理器？,这款旗舰搭载骁龙8 Elite至尊版AI芯片，性能强劲，安全可靠。,京东.json
VERTU AGENT Q旗舰手机的火神图腾设计寓意是什么？,火神图腾源自印度河谷文明，象征能量聚焦。助力突破事业瓶颈，提升决策效率。,京东.json
VERTU AGENT Q 旗舰新品是品牌配置最高的一款吗？,是的，这款是VERTU品牌配置最高的一款，性能和品质都顶尖。,京东.json
VERTU AGENT Q 旗舰新品与朱雀款在配置和功能上有什么区别？,VERTU AGENT Q 为今年全新推出的旗舰新品，整体配置更高；朱雀款为前代产品，配置相对较低。我给您看看对比图[VERTU AGENT Q与朱雀款对比图],京东.json
VERTU AGENT Q 旗舰新品支持国家公职人员使用吗?,这款在安卓系统上开发，支持国家公职人员使用，安全可靠。,京东.json
VERTU AGENT Q 旗舰新品是否支持蒙语通话翻译?,这款暂不支持蒙语通话翻译，但支持多种语言实时翻译，沟通更便捷。,京东.json
VERTU AGENT Q旗舰新品支持无限充电吗?,这款目前不支持无限充电，主要是材质限制。,京东.json
VERTU AGENT Q 全球首发预售款手机在通话时能否确保对方不能录音？,支持加密通话功能，防止录音。搭载骁龙8 Elite芯片与量子密钥，通话更安全。,京东.json
VERTU AGENT Q旗舰新品支持5G吗？,支持5G双卡双待双通，网速快更稳定，使用更流畅。,京东.json
VERTU AGENT Q旗舰新品支持下载谷歌软件吗？,支持国际版本，可自由下载谷歌软件，使用更便捷。,京东.json
VERTU AGENT Q 旗舰新品16GB+1TB+10t分布式储存内存有多大？,这款配备16GB运行内存和1TB存储，还有10TB分布式云存。存储空间超大，完全不用担心不够用。,京东.json
VERTU AGENT Q 手机是鸿蒙系统吗？,不是的，VERTU AGENT Q 手机基于安卓系统独家定制了VERTU OS，页面和操作逻辑更符合国人的使用体验。,京东.json
VERTU AGENT Q 旗舰新品支持骁龙 8 Elite至尊版 AI 芯片和量子密钥吗？,这款VERTU AGENT Q旗舰新品搭载骁龙8 Elite至尊版AI芯片，安全性能顶级，支持量子密钥。,京东.json
VERTU AGENT Q旗舰手机支持AI财运推演系统吗？,支持AI财运推演系统，能帮你识别合同风险，提升事业运。,京东.json
VERTU AGENT Q旗舰新品外观设计是什么样的？,后盖采用矛隼灵感设计，配备瑞士机械铰链，包含320个精钢部件，可承受150kg压力，寓意大展宏图。我给您看看外观图[VERTU AGENT Q外观设计图],京东.json
VERTU AGENT Q 旗舰新品 16GB+1TB 版本是否有18GB+1TB配置？,目前仅提供16GB+1TB配置。配备10TB分布式存储，海量空间，完全不用担心存储问题。,京东.json
VERTU AGENT Q 旗舰新品是否支持AI顶配智能直面屏功能？,支持AI顶配智能直面屏，是VERTU旗舰新品AGENT Q的核心亮点之一。,京东.json
VERTU AGENT Q旗舰新品支持哪些核心工艺或结构设计？,VERTU AGENT Q旗舰新品采用矛隼灵感后盖设计，配备瑞士机械铰链，包含320个精钢部件，可承受150kg压力。我给您看看外观图[VERTU AGENT Q结构设计图],京东.json
VERTU AGENT Q 旗舰新品支持哪些国家的通话翻译语言?,支持76个国家的语言翻译，覆盖广泛，方便国际出行使用。,京东.json
VERTU AGENT Q 旗舰新品全球首发预售支持量子折叠屏技术吗？,目前VERTU AGENT Q旗舰新品未支持量子折叠屏技术，其核心亮点为高端定制工艺与全球限量发售。,京东.json
VERTU AGENT Q 旗舰新品是直板还是折叠设计？,VERTU AGENT Q 采用直板设计，简洁大气，手感出色。,京东.json
VERTU AGENT Q 旗舰新品是否支持降噪功能？,支持智能降噪，通话更清晰，环境噪音自动过滤。,京东.json
VERTU AGENT Q 旗舰新品与佛戒款、水晶款相比，哪个更窄？,VERTU AGENT Q新款巴黎钉更轻薄更窄。  对比佛戒款和水晶款，这款设计更显精致。,京东.json
VERTU AGENT Q 旗舰新品全球首发预售的表盘是否为天然水晶？,这款表盘采用天然水晶，质感高级，光泽自然。,京东.json
VERTU AGENT Q 旗舰新品盲盒中固定赠送的物品是什么？,VERTU AGENT Q 旗舰新品盲盒中，固定赠送领带。,京东.json
VERTU AGENT Q手机是4G还是5G?,这款支持5G网络，网速更快更稳定。建议确认所在区域和SIM卡是否支持5G。,京东.json
VERTU AGENT Q 旗舰新品线上能购买吗？,可以购买，本店是VERTU品牌官方旗舰店，所售商品均为全新正品行货，支持专柜验货，接受官方定价销售。,京东.json
VERTU AGENT Q旗舰新品玩游戏能带动吗？,这款旗舰机性能强劲，大型游戏都能流畅运行，玩起来很带感。,京东.json
VERTU AGENT Q手机有什么特点？,支持一机三系统，主系统、私密系统、幽灵系统可自由创建或销毁。  三个系统可同时在线，最多支持4个微信账号。  安全又灵活，满足不同使用需求。,京东.json
VERTU AGENT Q手机的VDAO加密聊天软件有什么功能？,VERTU AGENT Q的VDAO加密聊天功能强大，支持阅后即焚、一键撤回和截屏检测。  采用独家加密技术，聊天更安全，隐私更有保障。,京东.json
VERTU Agent Q手机使用什么系统？,这款手机搭载安卓系统，独家定制VERTU OS。操作更顺手，更适合国人使用。,京东.json
VERTU AGENT Q旗舰新品的抗压性能如何？,这款旗舰新品可承受150kg压力，坚固耐用，安心使用。,京东.json
VERTU Agent Q系列哪个最好？,VERTU Agent Q是全球首款AI Agent手机，搭载3nm骁龙8 Elite至尊版，16GB+1TB存储搭配10TB分布式存储。6.02英寸120Hz柔性AMOLED屏，影像系统为5000万主摄（可变光圈+OIS）+6400万长焦（微距）+5000万超广角，覆盖13mm-140mm全焦段。内置5565mAh硅基电池+65W快充，支持双卫星双向通话。配备A5加密芯片+一机三系统，端到端加密保障安全。瑞表级工艺机身搭配珍稀皮革与红宝石按键，还有200+AI智能体与7x24真人管家，兼顾实用与奢华。,京东.json
VERTU AGENT Q 旗舰新品手机支持下载微信和携程吗？,支持下载微信和携程等主流应用，该手机为5G双卡双待全网通机型，可正常使用各类安卓应用。,京东.json
VERTU AGENT Q 旗舰新品手机支持移动和联通网络吗？,支持移动和联通5G全网通，双卡双待更方便。,京东.json
VERTU Agent Q手机的电池容量和快充功率是多少？,这款配备5565mAh大电池，支持65W快充。续航远超iPhone 17 Pro Max和三星Z Fold 7。,京东.json
VERTU Agent Q手机的影像系统配置是什么？,这款手机配备5000万主摄，支持可变光圈和光学防抖。  6400万长焦支持微距拍摄，5000万超广角覆盖13mm-140mm全焦段。  拍照范围广，细节清晰，满足各种拍摄需求。,京东.json
VERTU AGENT Q 旗舰新品手机的鳄鱼皮材质是否怕水？,VERTU AGENT Q采用全球珍稀鳄鱼皮，每张仅用于一台手机。虽不建议长期浸水，但日常使用完全不用担心。,京东.json
VERTU AGENT Q折叠屏手机在零下三十几度会不会折断？,这款手机转轴采用1800兆帕超强钢，抗摔性强。  即使在零下30多度也能正常工作，耐用可靠。  支持65万次折叠，日常使用完全没问题。,京东.json
VERTU AGENT Q 旗舰新品盲盒包含哪些内容？,VERTU AGENT Q 旗舰新品盲盒随机开惊喜，含一部手机、一条领带和一份神秘礼品。,京东.json
VERTU AGENT Q 旗舰新品盲盒中的手机是随机的吗？,是的，盲盒里的手机款式随机发放，每款都超有惊喜。,京东.json
VERTU AGENT Q 手机是内折还是外折？,这款VERTU AGENT Q手机采用内折设计，折叠更稳固，保护屏幕更贴心。,京东.json
VERTU AGENT Q 旗舰新品盲盒是否只包含女士用品？,不，盲盒礼品不限于女士用品，实际内容以实物为准。,京东.json
VERTU Agent Q手机的葡萄紫版本是否有产品视频？,有的亲亲，给您看看产品视频[VERTU Agent Q葡萄紫配色视频],京东.json
VERTU Agent Q手机的葡萄紫版本是否支持双卫星双向通话？,支持双卫星双向通话，内置A5加密芯片，端到端加密更安全。,京东.json
VERTU AGENT Q旗舰新品支持卫星通话吗？,支持GPS+北斗双星定位导航，无论身处何地，信号永不断联。全新卫星通话功能可让您在无信号区域（如高山、沙漠、极地）通过卫星信号保持通信，紧急情况下可一键启动紧急救援，迅速联系救援团队，大幅提升安全保障。,京东.json
VERTU AGENT Q 旗舰新品手机是智能机吗？,是的，VERTU AGENT Q 旗舰新品是一款智能机，支持智能操作和高效应用体验。,京东.json
VERTU AGENT Q旗舰新品后续有没有碳纤维款？,目前VERTU AGENT Q旗舰新品暂无碳纤维款，仅提供皮质与金属材质版本。建议关注后续新品发布动态。,京东.json
VERTU Agent Q手机和普通手机的功能一样吗?,VERTU Agent Q是全球首款AI Agent手机，搭载3nm骁龙8 Elite至尊版，16GB+1TB存储搭配10TB分布式存储；6.02英寸120Hz柔性AMOLED屏，影像系统为5000万主摄（可变光圈+OIS）+6400万长焦（微距）+5000万超广角，覆盖13mm-140mm全焦段；内置5565mAh硅基电池+65W快充，支持双卫星双向通话；配备A5加密芯片+一机三系统，端到端加密保障安全；瑞表级工艺机身搭配珍稀皮革与红宝石按键，还有200+AI智能体与7x24真人管家，兼顾实用与奢华。,京东.json
VERTU Agent Q手机的私密系统有什么作用?,VERTU Agent Q的私密系统能有效保护您的隐私安全。  自带10TB分布式存储，永久免费使用，安心无忧。,京东.json
VERTU Agent Q手机的幽灵系统有什么作用?,幽灵系统支持一键销毁数据，保护隐私安全。无痕浏览更安心，使用更放心。,京东.json
VERTU AGENT Q 旗舰新品手机的碳纤维后盖抗摔吗？,这款碳纤维后盖强度高，耐摔耐磨，日常使用完全不用担心。,京东.json
VERTU AGENT Q 旗舰新品白色款使用的是什么皮革？,喜马拉雅鳄鱼皮材质，质感非常高级。我给您看看外观图[],京东.json
VERTU Agent Q手机支持多少个AI智能体？,支持200+AI智能体，覆盖工作与生活全场景，无需跳转，高效便捷。,京东.json
VERTU Agent Q手机是否配备真人管家服务？,配备7x24小时真人管家服务，复杂需求都能搞定，体验远超普通AI手机。,京东.json
VERTU AGENT Q旗舰新品能否用来砸核桃？,不建议用于砸核桃，VERTU AGENT Q为高端奢华手机，机身采用精密工艺与高端材质，主要用于通讯与智能交互，非工具用途。强行撞击可能造成机身损坏，影响正常使用及保修服务。,京东.json
VERTU Agent Q手机拍照怎么样？,VERTU Agent Q支持5000万主摄（可变光圈+OIS）+6400万长焦（微距）+5000万超广角，覆盖13mm-140mm全焦段。支持机械变焦和人眼仿生镜头，暗光进光量多18%，夜景高光抑制提升23%，微距、长焦、夜景表现全面超越同级。我给您发几张实拍图吧[VERTU Agent Q拍照功能演示视频],京东.json
VERTU Agent Q是老年机吗？,不是老年机，是5G智能手机，全球首款AI Agent手机，搭载3nm骁龙8 Elite至尊版，支持双卫星双向通话，配备A5加密芯片与一机三系统，端到端加密保障安全。,京东.json
VERTU AGENT Q 手机为什么不能用鸿蒙系统？,VERTU AGENT Q 手机基于安卓深度定制，搭载VERTU OS。操作更顺手，更适合国人使用。,京东.json
VERTU Agent Q手机的葡萄紫版本是否支持机械变焦和人眼仿生镜头？,支持机械变焦和人眼仿生镜头。暗光进光量多18%，夜景表现更出色。,京东.json
VERTU AGENT Q 手机的电池有卖吗？,有卖，价格为610元。可通过链接购买，发货为SIV电池。,京东.json
VERTU Agent Q手机是否好用？,这款手机搭载AI Agent系统，性能强劲，安全加密高，特别适合商务人士使用。,京东.json
VERTU Agent Q手机支持系统升级吗？,VERTU Agent Q是全球首款AI Agent手机，搭载3nm骁龙8 Elite至尊版，16GB+1TB存储搭配10TB分布式存储，6.02英寸120Hz柔性AMOLED屏，影像系统为5000万主摄（可变光圈+OIS）+6400万长焦（微距）+5000万超广角，覆盖13mm-140mm全焦段。内置5565mAh硅基电池+65W快充，支持双卫星双向通话。配备A5加密芯片+一机三系统，端到端加密保障安全。瑞表级工艺机身搭配珍稀皮革与红宝石按键，还有200+AI智能体与7x24真人管家，兼顾实用与奢华。,京东.json
VERTU AGENT Q旗舰新品手机买回来不暂时不用的话，平时需要充电吗？,这款手机在有电的情况下可长期存放，关机状态下无需充电，放心使用。,京东.json
VERTU AGENT Q 旗舰新品的免费升1TB是什么意思？,手机提供1TB机身内存，额外赠送永久免费的10TB分布式存储空间。该10TB存储空间可相当于存放约1万部1G大小的高清电影、166万首6MB高品质音乐或约200万张5MB高清图片，确保手机内存永不不足。,京东.json
VERTU Agent Q手机充满电能用几天？,这款配备5565mAh超大硅基电池，续航持久。支持65W快充，回血更快。,京东.json
VERTU AGENT Q 旗舰新品手机有手机膜吗？,这款目前暂无配套手机膜，如有上线会第一时间通知您。,京东.json
VERTU AGENT Q旗舰新品是否有震动提醒功能？,这款没有震动功能，但数据异常时会有预警提示，提醒更及时。,京东.json
VERTU Agent Q手机的哪个模块贵？,VERTU Agent Q手机整体定位高端，各模块均体现奢华价值。  材质与安全配置尤为突出，彰显奢侈品品质。,京东.json
VERTU AGENT Q 旗舰新品 23800元价位有几个颜色？,VERTU AGENT Q 旗舰新品提供6个颜色选择。我给您看看外观图[],京东.json
VERTU AGENT Q手机16GB+1TB内存有多大？,16GB+1TB大内存，还送10TB云空间，存储无忧。,京东.json
VERTU Agent Q 是哪款手机？,VERTU Agent Q 是世界首款AI智能体手机，标志性的鹰翼门由瑞士精密铰链驱动，320余个精密组件手工装配，U型无缝成型机身，10微米厚度镀金内部结构，以及经1200℃高温锻造的陶瓷听枕，每一次触碰都是机械美学的展翅。内核是像人脑一样思考的操作系统——VAOS，全球顶级服务 Plug-in，化身随时待命的智能体。,京东.json
VERTU VERTU Agent Q手机是卫星手机吗?,是的，VERTU Agent Q支持双卫星双向通话，具备卫星通话功能。,京东.json
VERTU Agent Q处理器是什么？,搭载3nm高通骁龙8 Elite处理器，主频达4.32GHz。性能提升30%，功耗降低20%，运行大型应用和AI任务更流畅。,京东.json
VERTU Agent Q支持哪些核心配置？,处理器：高通骁龙8至尊版，A5加密芯片；内存：16GB+1TB+10TB分布式存储；摄像头：5000万主摄像素，64MP潜望长焦，50MP超广角；电池：5565mAh大容量电池，搭配65W快充；屏幕：6.02英寸，120Hz智能刷新；支持双卫星双向通话，端到端加密保障安全。,京东.json
VERTU Agent Q的摄像头配置是什么？,VERTU Agent Q配备5000万主摄，支持可变光圈和光学防抖。  6400万长焦支持微距拍摄，5000万超广角覆盖13mm-140mm全焦段。,京东.json
VERTU AGENT Q 旗舰新品支持无创血糖检测吗？,支持。VERTU AGENT Q智能戒指内置PPG生物追踪光学传感器，可发出红光、红外光、绿光，以每秒60HZ频率进行扫描，实现无创血糖监测，无需扎手指即可实时掌握血糖状况。,京东.json
VERTU AGENT Q 旗舰新品的光学传感器支持哪些光谱？,支持红光、红外光、绿光三种光谱。  用于高频率无创血糖监测，精准又便捷。,京东.json
VERTU Agent Q的电池和快充支持情况如何？,这款配备5565mAh大电池，支持65W快充。日常使用一整天完全没问题。,京东.json
VERTU Agent Q是否具备端到端加密能力？,配备A5加密芯片和三系统架构，端到端加密更安全可靠。,京东.json
VERTU AGENT Q手机电池多少毫安？,搭载4300mAh电池，65W疾速闪充；20分钟回血70%，相变储能涂层，散热效率提升300%，零下30℃极端环境也能正常运作。,京东.json
VERTU AGENT Q 旗舰新品盲盒中手机颜色是否可以指定？,这款旗舰新品盲盒支持指定手机颜色，选购更自由。,京东.json
VERTU AGENT Q 旗舰新品盲盒是否包含领带？,是的，盲盒内包含一条精致领带，提升整体商务质感。,京东.json
VERTU AGENT Q旗舰新品支持与苹果手机连接使用吗？,支持与苹果手机连接使用。  苹果手机可听歌，通过App查看翻译文字，体验更便捷。,京东.json
VERTU Agent Q手机能打王者荣耀吗？,支持，搭载3nm高通骁龙8 Elite至尊版，主频高达4.32GHz，性能跃升30%且功耗降低20%，搭配16GB大内存，支持120Hz高刷，超6000mm² VC均热板散热，长时间高负载使用也不卡顿，手机上的游戏都毫无压力。,京东.json
VERTU Agent Q手机卡不卡？,支持120Hz高刷，搭载3nm高通骁龙8 Elite至尊版，主频高达4.32GHz，性能跃升30%且功耗降低20%，搭配16GB大内存，无论大型应用还是复杂AI任务都流畅无压力。超6000mm² VC均热板散热，长时间高负载使用也不卡顿，算力领先主流旗舰。,京东.json
VERTU AGENT Q 手机的免费升级1TB与直接1TB有什么区别？,VERTU AGENT Q 手机自带10TB加密分布式存储，数据永久安全，不占手机内存。  即使上传普通云盘可能被删改，VERTU存储更安全可靠。,京东.json
VERTU Agent Q是什么型号？,VERTU Agent Q，世界首款AI智能体手机。标志性鹰翼门由瑞士精密铰链驱动，320余个精密组件手工装配，U型无缝成型机身，10微米厚度镀金内部结构，以及经1200℃高温锻造的陶瓷听枕，每一次触碰都是机械美学的展翅。内核是像人脑一样思考的操作系统——VAOS，全球顶级服务Plug-in，化身随时待命的智能体。,京东.json
VERTU AGENT Q旗舰新品可以同时绑定2部手机吗?,支持同时绑定两部手机，方便切换使用。,京东.json
VERTU Agent Q手机支持双微信吗？,支持双微信功能，新款手机可同时在线4个账号，办公更高效。,京东.json
VERTU Agent Q有什么特殊功能?,支持专属私人管家服务，可一键呼叫私人助理，覆盖旅游攻略、精选美食、医疗健康、法律服务等；具备强大的隐私保护功能，支持一机三系统，通过不同指纹解锁不同空间，还有一键销毁、定时复原等功能；是全球首款双模型AI手机，搭载AI Agent技术；采用蓝宝石水晶、碳纤维、真皮皮质、高精密陶瓷、机甲等坚韧材质，具备卓越耐用性与奢华工艺。,京东.json
VERTU Agent Q智能机的电池和充电规格是什么？,这款配备5565mAh大电池，支持65W快充。日常使用一整天完全没问题。,京东.json
VERTU Agent Q智能机是否搭载A5加密芯片和一机三系统？,配备A5加密芯片和一机三系统，安全防护更全面。,京东.json
VERTU Agent Q智能机的机身工艺和材质是什么？,VERTU Agent Q智能机采用瑞表级工艺机身，搭配珍稀皮革与红宝石按键。我给您看看外观图[VERTU Agent Q外观图],京东.json
VERTU AGENT Q 旗舰新品的血糖监测是否需要扎手指？,不需要扎手指。VERTU AGENT Q智能戒指通过内置PPG光学传感器，以红光、红外光、绿光进行每秒60HZ的扫描，实现无创血糖检测，无需扎手指。,京东.json
VERTU Agent Q的屏幕参数是什么？,这款配备6.02英寸120Hz柔性AMOLED屏，显示流畅细腻，色彩生动。,京东.json
VERTU Agent Q的存储配置是什么？,这款配备16GB+1TB本地存储，还有10TB分布式存储。海量空间，文件随时存取。,京东.json
VERTU Agent Q是全球首款AI Agent手机吗？,是的，VERTU Agent Q是全球首款AI Agent手机。搭载3nm骁龙8 Elite至尊版，16GB+1TB存储搭配10TB分布式存储。,京东.json
VERTU Agent Q手机打游戏掉帧吗？,不会掉帧。搭载3nm高通骁龙8 Elite至尊版，主频高达4.32GHz，性能跃升30%且功耗降低20%，搭配16GB大内存，无论大型应用还是复杂AI任务都流畅无压力。超6000mm² VC均热板散热，长时间高负载使用也不卡顿，算力领先主流旗舰。,京东.json
VERTU Agent Q手机支持王者120帧游戏吗？,支持王者120帧游戏。搭载3nm骁龙8 Elite芯片，性能强劲，流畅不卡顿。,京东.json
VERTU Agent Q手机充电时可以玩游戏吗？,可以边充边玩，5565mAh大电池搭配65W快充。长时间游戏续航也完全没问题。,京东.json
VERTU AGENT Q智能腕表与其他手机能匹配吗?,支持蓝牙连接，下载软件即可轻松配对使用。,京东.json
VERTU AGENT Q智能钻戒测血糖准确率是多少？,这款智能钻戒经临床验证，血糖检测准确率高达80%。,京东.json
VERTU AGENT Q智能钻戒的软件系统是否与京东自营的血糖检测设备共用？,VERTU AGENT Q有独立APP系统，不与京东设备共用，使用更安心。,京东.json
VERTU Agent Q手机是中文版吗？,有国内版和国际版可选，正常使用没问题。,京东.json
VERTU Agent Q手机用几年应该没问题吗?,VERTU Agent Q是全球首款AI Agent手机。搭载3nm骁龙8 Elite至尊版，16GB+1TB存储搭配10TB分布式存储。6.02英寸120Hz柔性AMOLED屏，影像系统为5000万主摄（可变光圈+OIS）+6400万长焦（微距）+5000万超广角，覆盖13mm-140mm全焦段。内置5565mAh硅基电池+65W快充，支持双卫星双向通话。配备A5加密芯片+一机三系统，端到端加密保障安全。瑞表级工艺机身搭配珍稀皮革与红宝石按键，还有200+AI智能体与7x24真人管家，兼顾实用与奢华。,京东.json
VERTU AGENT Q 是否支持双卡双待？,支持双卡双待，方便您同时使用两张电话卡。,京东.json
VERTU AGENT Q旗舰新品可以测血糖吗?,可以的老板。这款旗舰新品支持实时血糖监测，方便您随时掌握健康状况。,京东.json
VERTU AGENT Q 旗舰新品是否带手机壳？,VERTU AGENT Q 旗舰新品裸机设计，大气十足。无需手机壳，质感已到位。,京东.json
VERTU AGENT Q 旗舰新品没有测尿酸功能吗?,VERTU AGENT Q 旗舰新品暂未配备尿酸检测功能。,京东.json
VERTU AGENT Q 旗舰新品屏幕是双屏还是单屏？,这款旗舰新品采用6.78英寸单屏设计，支持120Hz智能刷新，显示更流畅。,京东.json
VERTU AGENT Q 旗舰新品支持一机三系统和量子级加密吗？,支持一机三系统：工作、生活、私密空间物理隔离，互不干扰；支持量子级加密，从芯片到通话端到端VDAO加密，确保沟通绝对私密，无法破译。,京东.json
VERTU AGENT Q 旗舰新品是否具备金融级防护能力？,具备金融级防护能力，您的每一笔交易都享受银行金库级别的安全守护。,京东.json
VERTU Agent Q手机支持无线充吗?,这款不支持无线充电，有线充电更稳定高效。,京东.json
VERTU AGENT Q 智能手机支持蓝牙耳机吗?,支持蓝牙耳机连接，使用更便捷。  这款5G手机功能齐全，体验流畅。,京东.json
VERTU Agent Q手机重吗?,这款手机有质感，拿在手里刚刚好，不轻不重，手感舒适。,京东.json
VERTU AGENT Q 旗舰新品待机多久？,这款支持一天半待机，日常使用完全够用。,京东.json
VERTU Agent Q旗舰新品的隐私安全防护机制是什么？,配备专属A5硬件加密芯片，支持一机三系统，结合10TB分布式存储，实现从硬件到软件的全方位防护；支持端到端加密聊天与MPC加密钱包，确保隐私数据不泄露，安全等级远高于普通旗舰手机。,京东.json
VERTU AGENT Q 旗舰新品支持转到外部2客服账号吗？,这款旗舰新品暂不支持转接外部2客服账号功能。,京东.json
VERTU AGENT Q旗舰新品打游戏怎么样?,这款旗舰新品性能强劲，打游戏流畅不卡顿，体验非常出色。,京东.json
VERTU AGENT Q 旗舰新品的AI功能在哪里提现？,VERTU AGENT Q的AI功能体现在总裁百宝箱中。智能助手随时待命，高效处理各类事务。,京东.json
VERTU Agent Q手机使用的是什么屏幕材质？,柔性AMOLED屏幕，核心基板为柔性聚合物材料（如聚酰亚胺PI），可弯曲折叠；不是微晶玻璃。具有高对比度、广色域、黑色表现纯粹、色彩鲜艳饱满的特点，显示效果好；且功耗较低，深色模式下可有效延长续航。,京东.json
VERTU Agent Q手机的机身边框材质是什么？,边框采用316L金刚全副包裹，耐磕碰更坚固。,京东.json
VERTU Agent Q手机的贵款与标准款在材质上有什么区别？,贵款采用美洲鳄鳄鱼皮，被称为「皮中黄金」，稀有奢华；标准款使用小牛皮。我给您看看外观图[VERTU Agent Q贵款鳄鱼皮图],京东.json
VERTU AGENT Q 旗舰新品整体都是天然水晶吗?,我帮您核实了材质详情，明天给您详细回复。,京东.json
VERTU AGENT Q 旗舰新品能洗澡游泳吗?,这款旗舰机支持防水，但不建议洗澡或游泳时使用，避免意外损坏。,京东.json
VERTU AGENT Q 旗舰新品洗手可以吗?,这款支持防水，日常洗手没问题。但不建议长时间接触水源。,京东.json
VERTU AGENT Q 旗舰新品用水冲洗没问题吗?,这款旗舰机不建议用水冲洗，以免影响正常使用。,京东.json
VERTU AGENT Q 旗舰新品的配套APP是哪一款？,建议通过微信小程序搜索METASELF，方便快捷下载使用。部分机型可能不兼容。,京东.json
VERTU AGENT Q 旗舰新品外观是树脂还是水晶？,我给您发几张实物图片看看，供您直观感受。[VERTU AGENT Q外观图],京东.json
VERTU AGENT Q手机是三折叠吗?,这款是上下折叠设计，使用方便，不是三折叠。,京东.json
VERTU AGENT Q 二代折叠手机是第几代？,是第二代量子折叠手机，配置更高，搭载2025款骁龙8至尊版旗舰芯片，支持16GB+1TB大存储，具备65万次折叠耐久性，转轴采用1800兆帕超强钢，支持双向卫星通话与北斗双向卫星通信，3秒极速建联，紧急SOS救援定位精度达0.5米。,京东.json
VERTU AGENT Q 二代折叠手机与一代折叠手机有什么区别？,二代搭载骁龙8至尊版芯片，性能更强。  支持双向卫星通话，3秒极速建联。  1800兆帕转轴，耐用抗摔，紧急定位精度达0.5米。,京东.json
VERTU AGENT Q 旗舰新品钻石级陶瓷边框是什么材质？,钻石级陶瓷边框，硬度堪比钻石，日常使用完全告别划痕；手感却像和田玉一样温润，还自带天然抗菌效果，给您最安心的守护。,京东.json
VERTU AGENT Q 旗舰新品的背盖有哪些可选材质？,三种奢华背盖可选：您可以像选爱马仕手袋一样，选择最能代表您风格的那一款。我给您看看外观图[],京东.json
VERTU AGENT Q 旗舰新品的屏幕规格是什么？,这款配备2K+超感内屏，视觉体验如临现场。搭配DTS:X Ultra影院级音效，沉浸感十足。,京东.json
VERTU AGENT Q 旗舰新品支持量子指纹切换功能吗？,支持量子指纹切换功能，不同手指可解锁不同系统，一触即达，安全便捷；遇险时可毫秒级触发数据湮灭，实现比保险柜更智能的移动保密方案。,京东.json
VERTU AGENT Q 旗舰新品在手机遗失或被盗时，如何保障数据安全？,支持一键安全自毁，数据瞬间清除，不可恢复，保障您的信息安全无忧。,京东.json
VERTU Agent Q 智能手机的主摄像头参数是什么？,这款主摄5000万像素，支持可变光圈和OIS光学防抖。暗光环境下进光量多18%，夜景更清晰，高光抑制更强。,京东.json
VERTU AGENT Q 旗舰新品是否具备伪装系统功能？,具备伪装系统功能，紧急时可模拟虚拟身份。有效保护真实数据，守护隐私安全。,京东.json
VERTU AGENT Q手机可以上几个微信？,这款手机支持4个微信账号。1机3系统，三系统并行，互不干扰，使用更高效。,京东.json
VERTU Agent Q手机的1T+10T存储是什么意思？,这款手机内置1TB大存储，还送10TB加密云空间。文件分散存储，安全永久不丢失。,京东.json
使用VERTU Agent Q手机的10TB分布式存储需要ID号吗？,使用VERTU Agent Q的10TB分布式存储，需提供ID号。  它能确保文件归属清晰，访问更安全可靠。,京东.json
VERTU Agent Q手机的10TB分布式存储是否支持跨地区使用？,支持，只要使用该手机的账号（ID）注册并登录，即可在全球范围内访问其10TB分布式加密存储，不受地理位置限制。,京东.json
VERTU Agent Q手机的定制款是否有2TB存储版本？,目前所有版本均为1TB内置存储，定制款仅在外观材质（如金、鳄鱼皮）上不同，功能和存储容量一致。,京东.json
VERTU Agent Q手机是否支持为他人使用账号？,支持他人使用账号，绑定手机号即可。10TB存储需通过该用户ID管理文件。,京东.json
VERTU Agent Q手机的10TB分布式存储是否永久有效？,这款10TB分布式加密存储永久有效，数据安全不丢失，长期放心使用。,京东.json
VERTU Agent Q手机的彩色鳄鱼皮款推荐颜色有哪些？,推荐颜色为橙色、粉色、红色，适合女士使用。我给您看看外观图[VERTU Agent Q鳄鱼皮配色图],京东.json
VERTU Agent Q手机是否支持为缅甸地区的用户注册使用？,支持注册使用，只需手机号实名认证即可。功能完整，无需本地身份证。,京东.json
VERTU Agent Q智能手机的电池与充电性能如何？,这款配备5565mAh大电池，支持65W快充。日常使用一整天完全没问题。,京东.json
VERTU Agent Q智能手机是否支持卫星通信？,支持双卫星双向通话，信号稳定，紧急情况下更安心。,京东.json
VERTU Agent Q智能手机的存储配置是什么？,这款手机配备16GB+1TB超大存储，还支持10TB分布式存储，海量空间轻松存。,京东.json
VERTU AGENT Q 旗舰新品是否有隐藏款或定制款？,有隐藏款和更多定制选项。我给您看看实物图[VERTU AGENT Q隐藏款实拍图],京东.json
VERTU AGENT Q旗舰新品支持中文吗?,支持中文，操作更方便。,京东.json
VERTU AGENT Q 旗舰新品金玉满堂紫色款是否为紫水晶材质？,这款金玉满堂紫色款采用紫水晶材质，高贵典雅，质感出众。,京东.json
VERTU Agent Q 智能手机支持65W快充吗？,支持65W快充，充电快，续航持久，一充就满。,京东.json
VERTU AGENT Q 旗舰新品手机颜色可以选吗？,支持多种配色选择，您可以根据喜好自由搭配。,京东.json
VERTU AGENT Q 酒红色手机系统用的是什么?,这款手机基于安卓系统，独家定制VERTU OS。操作更顺手，更符合国人习惯。,京东.json
VERTU Agent Q 智能手机的长焦摄像头参数是什么？,这款长焦镜头高达6400万像素，支持微距拍摄，焦段覆盖13mm到140mm，拍照更灵活。,京东.json
VERTU Agent Q 智能手机的屏幕尺寸和刷新率是多少？,6.02英寸120Hz柔性AMOLED屏，流畅顺滑，视觉体验更佳。,京东.json
VERTU Agent Q 智能手机的处理器是什么？,这款搭载3nm骁龙8 Elite至尊版处理器，性能强劲，运行更流畅。,京东.json
VERTU AGENT Q 旗舰新品是否支持端到端加密的聊天功能？,支持VDAO量子加密聊天功能，具备端到端加密、阅后即焚特性，保障私密社交安全。,京东.json
VERTU AGENT Q旗舰新品手机信号怎么样？,支持5G双卡全网通，信号稳定。还支持卫星通话，关键时刻不掉线。,京东.json
VERTU AGENT Q手机能拍视频吗?,这款手机支持高清视频拍摄，拍照录像都清晰。,京东.json
VERTU AGENT Q旗舰新品支持哪些存储配置？,这款旗舰机标配12GB+512GB存储。还可选1TB本地+10TB云存储，打造专属私人数据中心。,京东.json
VERTU AGENT Q旗舰新品的WEB3加密系统有哪些功能？,支持多链钱包，一键生成NFT。  Dapp应用与IPFS存储，保障会议聊天绝对安全。,京东.json
VERTU AGENT Q 旗舰新品是否支持USB-A接口？,支持USB-A接口，充电更方便。,京东.json
VERTU AGENT Q 手机的分身功能是否需要付费？,这款分身功能免费使用，无需额外付费，开通即用。,京东.json
VERTU AGENT Q 手机如何同时查看多个微信消息？,支持多微信账号同时登录，消息可集中查看。  根据需求自由设置提示，管理更高效。,京东.json
VERTU AGENT Q 手机如何在不同系统间快速切换？,VERTU AGENT Q支持指纹一键切换系统，操作便捷。每个系统独立验证，安全有保障。,京东.json
VERTU AGENT Q 手机的三个独立系统分别支持什么功能？,VERTU AGENT Q 手机支持三系统独立运行。  每个系统可单独安装应用，使用微信，设置密码或指纹。  轻松实现多账号并行管理，安全又高效。,京东.json
VERTU Agent Q 智能手机的超广角摄像头参数是什么？,这款超广角镜头达5000万像素，13mm-140mm全焦段覆盖，拍摄更广阔。,京东.json
VERTU AGENT Q 手机支持哪些安全加密功能？,VERTU AGENT Q 采用端到端加密，通话密钥仅存在于双方设备。  每次通话生成新密钥，确保通信安全。  信息阅后即焚，无法保存或转发，保护隐私更安心。,京东.json
VERTU AGENT Q旗舰新品相比Mate2有哪些提升？,搭载2025款骁龙8至尊版旗舰芯片，性能领跑一个时代；配备2K+超感内屏与DTS:X Ultra影院级音效，打造私人IMAX影院体验；拥有16GB+1TB顶配存储组合，可从容存储整个数字世界；支持双向卫星通话，且量子折叠屏支持卫星通话；在外观、材质、配置和功能上均有显著提升。,京东.json
VERTU AGENT Q 搭载骁龙8 Gen 2 领先版处理器，可以打王者荣耀吗？,这款搭载骁龙8 Gen 2领先版，运行稳定。玩王者荣耀完全没问题，流畅不卡顿。,京东.json
VERTU Agent Q 智能手机支持机械变焦吗？,支持机械变焦，拍照更清晰。人眼仿生镜头，对焦更快更准。,京东.json
VERTU AGENT Q 在运行王者荣耀时会卡顿吗？,这款搭载骁龙8 Gen 2领先版处理器，运行王者荣耀完全不卡顿，流畅体验更安心。,京东.json
VERTU AGENT Q旗舰新品手机屏幕会摔坏吗？,手机屏幕较脆弱，建议小心使用。避免摔落，可减少损坏风险。,京东.json
VERTU AGENT Q旗舰新品买给老人会用吗?,可以的哦，您留下联系方式，我给您发几张更清晰的实物图和功能介绍，方便您更直观地了解。[VERTU AGENT Q外观图],京东.json
VERTU Agent Q有卫星通话和定位功能吗?,有的，VERTU Agent Q是全球首款AI Agent手机，支持双卫星双向通话，具备卫星定位功能。,京东.json
VERTU AGENT Q 旗舰新品支持测血压吗？,支持测血压，实时监测更安心。,京东.json
VERTU AGENT Q智能钻戒与三星手机兼容吗？,这款智能钻戒支持手机连接，苹果用户可使用小程序，功能涵盖睡眠、心率、血糖监测，使用更便捷。,京东.json
VERTU AGENT Q智能钻戒有哪些健康监测功能？,支持无创血糖与心率监测。  深度分析睡眠质量，自动推送异常体征。  实时血氧监测，高原出行更安心。,京东.json
VERTU Agent Q手机的芯片是什么？,这款搭载3nm骁龙8 Elite至尊版芯片，性能强劲，运行更流畅。,京东.json
VERTU AGENT Q 旗舰新品最大圈口是多少？,这款最大圈口为9号，佩戴舒适贴合。,京东.json
VERTU AGENT Q 旗舰新品是否为原装未激活？,是的，全新原装未激活，放心入手。,京东.json
VERTU AGENT Q 黄金版有多少克？,这款VERTU AGENT Q黄金版约40克，轻盈精致，佩戴舒适。,京东.json
VERTU AGENT Q旗舰新品可以国外使用吗?,可以的哦，我给您发几张实物拍摄图看看[],京东.json
VERTU AGENT Q手机需要贴膜吗？,不需要哦。这款采用康宁大猩猩玻璃陶瓷2材质，抗摔破裂性能突出，抗跌落性较前代提升显著，能分散外力；抗摩擦划痕性能强，莫氏硬度达行业高端水准，可应对日常硬物摩擦。,京东.json
VERTU Agent Q手机支持双卫星信号吗？在无人区可以通话吗？,支持双卫星双向通话，即使在无人区也能轻松通话。,京东.json
ivertu钢化膜结实吗？,这款钢化膜非常结实，耐磕碰，原装品质，用着特别耐用。,京东.json
ivertu有其他款式的保护壳吗？,目前只有皮套款式，直插设计，质感高级，保护更到位。,京东.json
VERTU AGENT Q 旗舰新品折叠款有几款？,新款折叠款配置一致，仅外观材质有差异。,京东.json
VERTU Agent Q直屏手机6.02英寸屏幕尺寸是多少？,这款手机配备6.02英寸120Hz柔性AMOLED屏，显示流畅清晰。,京东.json
VERTU Agent Q直屏手机的存储配置是多少？,这款手机配备16GB+1TB超大存储，还支持10TB分布式存储，海量空间轻松存。,京东.json
VERTU AGENT Q 碳纤维后盖带红条款线上和线下的产品一样吗？,一样，正品保障，假一罚十，线上线下都一样。,京东.json
VERTU AGENT Q智能体手机的性能怎么样？,VERTU AGENT Q是全球首款AI Agent手机，性能强劲。  搭载3nm骁龙8 Elite芯片，16GB+1TB存储，运行流畅。  支持200+AI智能体与7x24小时真人管家服务，体验更智能。,京东.json
VERTU Agent Q手机尺寸多少？,VERTU Agent Q手机屏幕6.02英寸，支持120Hz高刷新率，显示更流畅。,京东.json
VERTU Agent Q与之前Asterp手机相比大多少？,VERTU Agent Q比之前的Asterp手机略大一些。我给您看看尺寸对比图[VERTU Agent Q与Asterp尺寸对比图],京东.json
VERTU AGENT Q 旗舰新品内置电池容量多大？,这款配备5565mAh大容量硅基电池，支持65W快充，续航持久，充电快速。,京东.json
VERTU AGENT Q 旗舰新品一天使用够用吗？,这款配备5565mAh超大电池，一天使用完全没问题。,京东.json
VERTU AGENT Q 量子折叠屏手机电池续航多小时？,这款搭载4300mAh电池，支持65W快充。20分钟充电70%，续航持久，低温环境也能稳定运行。,京东.json
VERTU AGENT Q手机与12万多元的定制款有什么区别？,VERTU AGENT Q与12万定制款功能一致。  定制款采用全黄金边框，材质更奢华，所以价格更高。,京东.json
VERTU Agent Q手机的屏幕是三星屏还是LG屏？,VERTU Agent Q配备柔性AMOLED屏幕，显示效果细腻，色彩更真实。,京东.json
VERTU AGENT Q 旗舰新品是否为男款？,是的，男女同款哦，不过琥珀棕颜色一般是男士使用的比较多。,京东.json
"VERTU AGENT Q 旗舰新品为什么只卖100,000元？",VERTU AGENT Q 旗舰新品搭载顶级配置，16GB+512GB起步，支持10TB云存储。  配备5565mAh大电池与65W快充，续航持久。  仅在伦敦哈罗德百货独家发售，手工打造，收藏价值高。,京东.json
VERTU Agent Q新品比这款还重吗？,这款更重哦，材质是碳纤维。新品是皮革款，更轻便。,京东.json
VERTU Agent Q手机的10TB分布式存储是否与机身本地存储1TB共存？,是的，10TB分布式存储和1TB本地存储独立共存，互不干扰，完全满足日常使用需求。,京东.json
VERTU AGENT Q旗舰新品手机支持哪些功能？,VERTU AGENT Q为旗舰新品，支持奢品Meta手机功能，包括全球首发抢购、智能交互、高端定制设计等。我给您看看外观图[],京东.json
VERTU AGENT Q 手机的材料是什么？,VERTU AGENT Q 采用钛合金后盖，坚固耐用。  金属质感高级，彰显独特品味。  硬朗线条，男士首选。,京东.json
VERTU Agent Q手机的10TB分布式存储是什么意思?,VERTU Agent Q配备10TB分布式存储，永久免费。  相当于能存1万部高清电影或200万张高清照片，彻底告别内存焦虑。,京东.json
SIGNATURE S 总裁手机有哪些功能？,支持A5安全芯片，通话更安全。  AI智能识别会议重点，支持多国语言实时翻译。  卫星通话+一键救援，无信号也能联系。,京东.json
VERTU AGENT Q手机需要交话费吗？,这款手机需要交话费，才能正常使用通信功能。,京东.json
VERTU AGENT Q手机长焦支持多少倍变焦？,支持13mm到140mm全焦段，长焦拍摄更清晰。,京东.json
VERTU Agent Q旗舰手机突出的性能在哪?,VERTU Agent Q是全球首款AI Agent手机，搭载3nm骁龙8 Elite处理器，性能强劲。  配备16GB+1TB大存储，支持65W快充，续航持久。  AI功能强大，支持73国通话翻译，全场景智能服务，体验更高效。,京东.json
VERTU Agent Q旗舰手机的一机三系统是什么？,VERTU Agent Q的一机三系统包括主系统、加密系统和伪装系统，三个系统独立运行，支持通过不同解锁方式一键丝滑切换，实现信息分系统加密，保障隐私安全。,京东.json
VERTU Agent Q手机的分布式存储是否安全？,支持10TB免费分布式存储，文件分散加密保存。数据不可删改，永久安全，防攻防盗。,京东.json
VERTU Agent Q手机的量子加密技术有哪些功能？,VERTU Agent Q手机支持量子指纹切换，不同手指解锁不同系统。  数据隔离更安全，一键销毁5秒内清空敏感信息。  还有伪装系统和VDAO量子加密聊天，阅后即焚，隐私更安心。,京东.json
VERTU Agent Q手机是否支持AI Agent功能？,是，VERTU Agent Q是全球首款AI Agent手机，内置200+AI智能体与7x24小时真人管家服务。,京东.json
VERTU AGENT Q 墨玉黑小牛皮款的内存是多少？,这款内存配置为16GB运行内存加1TB存储空间，日常使用完全够用。,京东.json
VERTU AGENT Q 墨玉黑小牛皮款的材质和外观特点是什么？,我给您看看外观图，采用墨玉黑小牛皮材质，荔枝纹设计，手感温润细腻，颜色经典低调，是身份与地位的象征。[VERTU AGENT Q 墨玉黑小牛皮款外观图],京东.json
VERTU Agent Q使用了哪些高端材质？,VERTU Agent Q采用荔枝纹进口小牛皮、美洲小鳄腹部皮革、珍贵蜥蜴皮等珍稀皮革材质，结合瑞表级工艺机身与红宝石按键，彰显极致奢华。,京东.json
VERTU Agent Q的硬件配置有哪些？,搭载3nm骁龙8 Elite至尊版，16GB+1TB存储搭配10TB分布式存储。6.02英寸120Hz柔性AMOLED屏，影像系统为5000万主摄（可变光圈+OIS）+6400万长焦（微距）+5000万超广角，覆盖13mm-140mm全焦段。内置5565mAh硅基电池+65W快充，支持双卫星双向通话。配备A5加密芯片+一机三系统，端到端加密保障安全。,京东.json
VERTU Agent Q手机续航如何?,5565mAh超大硅基电池，容量远超iPhone 17 Pro Max和三星Z Fold 7，搭配65W快充，续航更持久、回血更快。独家双卫星双向语音通话，无人区也能通信，户外出行更安心。,京东.json
VERTU AGENT Q手机是否支持eSIM？,这款VERTU AGENT Q手机支持eSIM功能，无需插卡，使用更便捷。,京东.json
VERTU AGENT Q 旗舰新品有屏幕吗？,有的哦，这款旗舰新品配备高清屏幕，展示的是背部设计。,京东.json
VERTU Agent Q手机支持微信多设备同时登录吗？,支持微信多设备同时登录，最多可同步4个设备，使用更方便。,京东.json
VERTU Agent Q提供哪些独家服务？,VERTU Agent Q配备专属加密系统，保障信息安全。还有私人助理服务，随时为您贴心安排。,京东.json
VERTU AGENT Q旗舰新品是手工制作吗？,是的，每台VERTU AGENT Q旗舰新品都是由顶级工匠大师手工制作，全球精选原材料，独一无二。,京东.json
VERTU Agent Q的AI智能体数量是多少？,内置200+AI智能体，可提供多样化智能服务。,京东.json
VERTU AGENT Q 旗舰新品和奢品Meta手机哪款更适合男士佩戴？,VERTU AGENT Q和奢品Meta手机都深受男士喜爱。两款都适合男士佩戴，颜值与质感兼具。,京东.json
VERTU AGENT Q 旗舰新品的1899元起售款式与59元的测量工具有什么区别？,59元的是测量工具，不是戒指。  戒指都是1899元起步，品质更高级。,京东.json
VERTU AGENT Q旗舰新品有哪些特别功能?,赠送私人管家服务，包含多项免费权益。我给您发几张实拍图吧[VERTU AGENT Q功能展示图],京东.json
VERTU Agent Q手机屏幕是4K屏幕吗？,VERTU Agent Q搭载6.02英寸120Hz柔性AMOLED屏，不支持4K分辨率；其屏幕材质与三星W系手机相同，色彩、对比度、响应速度均达到行业标杆水平，具备护眼特性。,京东.json
VERTU AGENT Q 旗舰新品的六字是什么字？什么意思？,六字为“Yang Mei”，意为“阳美”，是VERTU品牌对高品质珠宝工艺与东方美学融合的象征，代表璀璨与尊贵。,京东.json
VERTU AGENT Q 旗舰新品屏幕是否耐磨抗刮？,这款屏幕采用康宁大猩猩玻璃陶瓷2材质，耐磨抗刮，日常使用完全不用担心划痕。,京东.json
VERTU AGENT Q 旗舰新品屏幕是否为蓝宝石材质？,不是蓝宝石材质，采用康宁大猩猩玻璃陶瓷2，更耐刮更抗摔。,京东.json
VERTU Agent Q手机的双卫星双向通话功能是什么？,VERTU Agent Q支持双卫星双向通话，可发语音短信，也能接收。  双星接入覆盖更广，抗遮挡更强，应急更可靠。  适合野外、海上、灾区等无信号场景使用。,京东.json
VERTU Agent Q智能手机支持几个操作系统？,支持一机三系统，切换流畅不卡顿。,京东.json
VERTU Agent Q支持多少个AI智能体和是否提供真人管家服务？,这款支持200多个AI智能体，还有7x24小时真人管家服务，随时为您贴心守护。,京东.json
VERTU Agent Q是否支持3nm骁龙8 Elite至尊版处理器？,搭载3nm骁龙8 Elite至尊版处理器，性能强劲，运行更流畅。,京东.json
VERTU Agent Q手机支持红外功能吗?,抱歉，这款手机不支持红外功能。,京东.json
VERTU Agent Q手机是第几代骁龙处理器?,搭载高通骁龙8 Elite至尊版，性能强劲，第五代旗舰芯片。,京东.json
VERTU AGENT Q 小牛皮奶昔粉款是否为白陶樱花粉色？,小牛皮奶昔粉款与白陶樱花粉色为同一款。名称中的“樱花粉”是为区分材质而命名的，实际为小牛皮材质的奶昔粉色。实机颜色以无滤镜、无灯光特效的清晰实拍为准。,京东.json
VERTU AGENT Q手机是2022年上市的吗?,是的，2022年底上市，现在购买的都是最新批次。,京东.json
VERTU AGENT Q 小牛皮奶昔粉款的实机颜色是否与截图一致？,我给您发几张实拍图吧截图中显示的为带轻微滤镜的展示图，实际实机颜色为无滤镜、无灯光特效的清晰拍摄，与奶昔粉款一致，颜色更真实直接。[VERTU AGENT Q 小牛皮奶昔粉款实拍图],京东.json
VERTU AGENT Q 小牛皮奶昔粉款是否支持实拍图发送？,我给您发几张实拍图吧，平台限制无法直接发送，需通过联系助理获取无滤镜、无灯光特效的清晰实拍图及功能介绍。[],京东.json
VERTU AGENT Q 旗舰新品是否有礼品包装？,有专门的礼品包装，收到就能直接送人，省心又体面。,京东.json
VERTU AGENT Q 旗舰新品的包装材质是什么？,采用小牛皮荔枝纹材质。我给您看看外观图[],京东.json
VERTU AGENT Q 旗舰新品戴哪个手指都可以吗？,这款手表佩戴方便，戴在哪个手指都合适，您可以放心选择。,京东.json
VERTU Agent Q手机的红色款是什么型号？,VERTU Agent Q有多种红色款式。您可以选一款纯红色的机型，由总仓为您安排。,京东.json
VERTU Agent Q手机的阅后即焚功能是否仅清除发送者手机上的信息，而接收方手机仍会保留内容？,是的，该功能由VERTU自主研发的VDAO APP实现。适用于政要机关及商务洽谈场景，确保信息在接收方设备上不长期留存。,京东.json
VERTU Agent Q的影像系统支持哪些焦段?,VERTU Agent Q影像系统覆盖13mm-140mm全焦段，支持机械变焦和人眼仿生镜头，微距、长焦、夜景表现全面超越同级。,京东.json
VERTU Agent Q的处理器和内存配置是什么?,搭载3nm高通骁龙8 Elite至尊版，主频高达4.32GHz，性能跃升30%且功耗降低20%，搭配16GB大内存，无论大型应用还是复杂AI任务都流畅无压力。,京东.json
VERTU AGENT Q手机与华为X7相比，功能上有哪些优势？,VERTU AGENT Q手机具备一机三系统，支持指纹、手势、密码一键切换，系统独立运行，可同时登录4个微信账号；配备专属A5硬件加密芯片和端到端加密聊天、MPC加密钱包，隐私安全等级高于普通旗舰手机；支持量子折叠屏，具备双向卫星通话、3秒极速建联、紧急SOS救援定位精度达0.5米，适用于无信号区域。,京东.json
VERTU Agent Q智能机像素配置是多少？,VERTU Agent Q是全球首款AI Agent手机，影像系统为5000万主摄（可变光圈+OIS）+6400万长焦（微距）+5000万超广角，覆盖13mm-140mm全焦段。,京东.json
VERTU Agent Q智能机侧面按键是什么材质？,VERTU Agent Q智能机侧面采用红宝石按键。我给您看看外观图[VERTU Agent Q侧面按键特写图],京东.json
VERTU Agent Q的安全防护机制有哪些?,配备A5硬件加密芯片，多重防护更安心。  支持端到端加密聊天与MPC加密钱包，数据安全有保障。  10TB分布式存储，隐私保护更全面。,京东.json
VERTU AGENT Q旗舰新品的双系统中，除了安卓系统，另一个系统是什么？,VERTU AGENT Q旗舰新品配备双系统，除了安卓系统外，另一个是加密系统，安全性能更强。,京东.json
VERTU Agent Q是性能最强的手机吗？,VERTU Agent Q是全球首款AI Agent手机，性能巅峰。搭载3nm骁龙8 Elite至尊版，16GB+1TB大存储，运行流畅不卡顿。,京东.json
VERTU AGENT Q 小牛皮奶昔粉款与樱花粉款在材质和颜色上有什么区别？,小牛皮材质款为奶昔粉色，名称中‘樱花粉’是用于区分材质的命名方式；鳄鱼皮材质款为樱花粉，但非小牛皮。我给您看看外观图[VERTU AGENT Q 小牛皮奶昔粉款外观图],京东.json
VERTU AGENT Q手机在隐私与安全性方面有何保障?,搭载高通骁龙芯片，配备A5安全芯片。银行级防护，隐私更安心。,京东.json
VERTU AGENT Q直屏手机是男士还是女士使用？,VERTU AGENT Q直屏手机适用于男士使用。我给您发几张实拍图吧[VERTU AGENT Q直屏手机实拍图],京东.json
VERTU AGENT Q手机能上网吗？,可以的呢，这款是智能手机，支持随时上网。,京东.json
VERTU AGENT Q手机会不会像普通手机一样卡顿？,这款手机专为高端用户设计，配置强劲，日常使用流畅不卡顿。,京东.json
VERTU AGENT Q 旗舰新品是否是电子表？,是的，VERTU AGENT Q 旗舰新品是电子表，支持充电供电，使用更方便。,京东.json
VERTU AGENT Q 旗舰新品酒红色款有色差吗？,我给您发几张实拍图吧，没有色差，已发送实拍图供参考。[],京东.json
VERTU AGENT Q 限量发售的手机是否支持5G网络？,支持5G网络，双卡双待更方便。网速快，通话更清晰。,京东.json
VERTU AGENT Q 旗舰新品10T存储版本怎么买？,10T存储是手机自带的免费分布式存储，文件存储在无数台服务器上，绝对加密安全，不会被任何人删除、修改或丢失，数据永久性保存；内存也不用担心，无需额外付费。,京东.json
VERTU AGENT Q 智能腕表可以带着洗澡吗?,VERTU AGENT Q 支持生活防水，日常洗手、出汗没问题。但不建议洗澡时佩戴，避免影响使用寿命。,京东.json
VERTU Agent Q手机是否支持全球7×24小时私人管家服务？,是的，VERTU Agent Q配备7×24小时英式管家私人助理服务，只需按下手机客户专键，即可直接连接VERTU服务总台，提供全球范围内的交通、娱乐、饮食、酒店、健康医疗、文化运动、海外留学、全球置业、金融理财等全方位1对1管家式服务。,京东.json
VERTU AGENT Q直屏手机有哪些材质颜色可选？,VERTU AGENT Q直屏手机有不同材质颜色可选。我给您看看外观图[],京东.json
VERTU Agent Q酒红色款是否带卫星电话通讯功能，开通后可不可以拨打卫星电话？,VERTU Agent Q酒红色款支持卫星通话功能。开通后可直接拨打卫星电话，使用电信卡即可。,京东.json
VERTU AGENT Q旗舰新品双系统是什么意思？,主系统和加密系统双运行，安全更可靠，办公更放心。,京东.json
VERTU AGENT Q旗舰新品的散热性能如何？,采用仿生散热设计，配备4233mm²超大VC散热板，面积增大38%，散热效果更强；实测在META2满电、90Hz刷新率下运行王者荣耀3小时，耗电量35%，手机温度维持在37-39℃。,京东.json
VERTU AGENT Q 手机的量子指纹切换功能如何使用？,支持不同手指解锁不同系统，工作、社交、伪装系统一键切换，无需密码，安全又方便。,京东.json
VERTU AGENT Q 手机的伪装系统如何保护隐私？,这款手机的伪装系统能在被迫解锁时启动，模拟虚拟身份，隐藏真实信息，保护您的隐私安全。,京东.json
VERTU AGENT Q 量子折叠屏手机是二代吗?,是的，VERTU AGENT Q是全新旗舰款，全球首发，不是二代哦。,京东.json
VERTU AGENT Q 量子折叠屏手机支持哪些AI功能?,VERTU AGENT Q支持多项AI功能。  AI会议纪要可自动转写并生成思维导图。  还有AI健身教练、美颜视频、语音搜图和多语言翻译，实用又高效。,京东.json
VERTU AGENT Q奢品AI智能体手机的材质是什么?,机身采用316L精钢、红宝石按键、珍稀皮革等材质，搭配鹰翼式后盖设计与瑞表级精密铰链。,京东.json
VERTU AGENT Q旗舰新品是什么类型的产品？,VERTU AGENT Q是VERTU推出的旗舰新品，属于奢品Meta手机系列。,京东.json
VERTU AGENT Q 旗舰新品功能好用吗？,搭载3nm高通骁龙8 Elite至尊版，主频高达4.32GHz，性能跃升30%且功耗降低20%，搭配16GB大内存，无论大型应用还是复杂AI任务都流畅无压力。超6000mm² VC均热板散热，长时间高负载使用也不卡顿，算力领先主流旗舰。,京东.json
VERTU AGENT Q 旗舰新品的59是什么？,59是测量工具，不是定金。不用担心，这是为了精准服务您。,京东.json
VERTU Agent Q手机支持语音功能吗？,支持语音功能，是具备完整智能手机功能的AI旗舰手机。,京东.json
VERTU AGENT Q折叠触屏会不会不好使？,这款折叠屏设计稳固，使用顺滑，完全不用担心。,京东.json
VERTU Agent Q的加密与安全配置是什么？,配备A5加密芯片和一机三系统，实现端到端加密，安全更有保障。,京东.json
VERTU Agent Q手机智能软件都可以下载吗？,VERTU Agent Q支持主流安卓应用。内置200多个AI智能体，覆盖工作生活多种场景，使用更便捷。,京东.json
VERTU AGENT Q旗舰新品是否支持蓝牙耳机通用连接?,支持通用连接，蓝牙耳机可轻松配对使用。,京东.json
VERTU AGENT Q 旗舰新品支持1TB存储吗？,支持1TB大存储，轻松存下海量照片和视频。,京东.json
VERTU AGENT Q 旗舰新品有紫色款吗？,有葡萄紫色款，但图片因光线问题显示偏暗。我给您看看外观图[VERTU AGENT Q紫色款外观图],京东.json
VERTU Agent Q酒红色款是否支持电信运营商以外的网络？,VERTU Agent Q仅支持电信卡。使用卫星通话功能需插电信卡，其他运营商不支持。,京东.json
VERTU AGENT Q智能旗舰手机电池可以用一天吗?,这款搭载4300mAh电池，支持65W快充。20分钟充电70%，日常使用一整天完全没问题。,京东.json
VERTU Agent Q手机纤纹和绗线后盖材质有什么区别？,纤纹后盖更显高级，绗线设计更显精致。两款手感都很好，配置完全一样。,京东.json
VERTU Agent Q屏幕是多大的？,这款屏幕为6.02英寸，显示效果清晰细腻。,京东.json
VERTU AGENT Q 旗舰新品的对影材质是什么？,这款采用925银材质，质感高级，佩戴更显尊贵。,京东.json
VERTU AGENT Q手机是单卡还是双卡的？,这款支持双卡双待，使用更方便。,京东.json
VERTU AGENT Q手机相比华为三折叠手机贵一倍，主要贵在哪些方面？,VERTU AGENT Q贵在顶级安全与全球私人管家服务。  独有VDAO加密通话，一次一密，防窃听更安全。  一键连接全球专属管家，吃喝玩乐全包办。,京东.json
VERTU AGENT Q 手机是否支持俄语？,支持俄语。国际版专为海外用户设计，网络和功能更适配国外使用。,京东.json
VERTU Agent Q手机是否支持免费生成短视频？,支持AI生成短视频功能。具体是否免费，需根据实际功能项目确认。,京东.json
VERTU AGENT Q 旗舰新品皮带长度有没有128cm左右的？,这款皮带现有长度120cm，宽3cm。暂时没有128cm的规格。,京东.json
VERTU AGENT Q 旗舰新品正面总是不给人看，啥情况？,VERTU AGENT Q 旗舰新品正面采用典藏级隐藏设计，是品牌独特工艺体现，非质量问题，彰显高端质感。,京东.json
VERTU Agent Q是全球首款AI Agent手机，其摄像头像素是多少？,这款手机主摄5000万像素，长焦6400万，超广角5000万，全高像素组合，拍照更清晰。,京东.json
VERTU Agent Q AI手机与普通智能手机有哪些不同？,VERTU Agent Q是全球首款AI Agent手机，具备200+AI智能体覆盖工作与生活全场景，打破APP壁垒无需跳转；支持AI图片编辑、73国通话翻译等功能，实用性远超纯软件AI手机；配备7x24小时真人管家兜底复杂需求；拥有A5硬件加密芯片+一机三系统+10TB分布式存储，实现从硬件到软件的全方位安全防护，端到端加密聊天与MPC加密钱包保障隐私，安全等级远高于普通旗舰手机。,京东.json
VERTU AGENT Q手机支持NFC吗？,支持NFC功能，日常刷卡、支付更便捷。,京东.json
VERTU AGENT Q 手机是否支持双系统多用户登录？,支持双系统多用户登录，安全又方便。,京东.json
VERTU AGENT Q 手机的第二系统是否更私密？,第二系统采用更高级加密，隐私保护更到位。,京东.json
VERTU AGENT Q 手机的摄像头设计有何特点？,摄像头区域采用带巴黎钉的款式，设计感强，手持不易碰撞。我给您看看外观图[VERTU AGENT Q摄像头设计图],京东.json
VERTU AGENT Q 手机的曲面屏有何优势？,采用柔性OLED材质弯曲成型，带来沉浸式观感，观影时画面呈现包裹感；优化光线反射，减少环境光直射屏幕，降低反光干扰；具备美学价值，流线型外观赋予高端质感，部分机型采用2.5°-5°微曲设计，平衡美感与实用性。,京东.json
VERTU AGENT Q 手机是否支持Web3功能？,支持Web3功能，可轻松接入数字资产与去中心化应用。,京东.json
VERTU AGENT Q 手机的树莓红配色是否显得俗气？,树莓红配色低调又显高级，不俗气。,京东.json
VERTU AGENT Q手机曙光橙小牛皮款和丹凤橙高定款在材质上有何区别？,两款手机配置功能相同，仅外观材质不同。我给您看看外观图[VERTU AGENT Q小牛皮款外观图],京东.json
VERTU AGENT Q 量子折叠屏手机支持哪些颜色？,提供多种颜色可选，包括墨玉黑、小牛皮材质的多种颜色。给您看看外观图[VERTU AGENT Q三色外观图],京东.json
VERTU AGENT Q 量子折叠屏手机的材质和工艺特点是什么？,后盖采用矛隼灵感设计，配备瑞士机械铰链，共320个精钢部件，支持150kg抗压；机身使用南欧进口顶级TOGO小牛皮材质，手感温润细腻。,京东.json
VERTU AGENT Q 量子折叠屏手机的私密安全性如何？,这款手机采用一机三系统设计，私密安全更有保障。,京东.json
VERTU AGENT Q新品直屏后盖的鹰翼门是卡槽吗？,是的，VERTU AGENT Q新品直屏后盖的鹰翼门为卡槽设计。该后盖采用矛隼灵感设计，配备瑞士机械铰链，包含320个精钢部件，可承受150kg压力，寓意大展宏图。,京东.json
VERTU AGENT Q手机透明壳在哪里可以买到？,官方旗舰店暂无透明壳销售。建议您搜索“纬图二代折叠壳”查看，注意甄别仿品。,京东.json
VERTU AGENT Q 手机是小牛皮材质吗？,这款是小牛皮材质的哈，采用欧洲进口的小牛牛脖子部位的胎牛皮哦~，上手手感非常细腻舒服的呢。,京东.json
VERTU Agent Q手机屏幕最结实吗？,这款手机配备6.02英寸120Hz柔性AMOLED屏，机身采用瑞表级工艺，坚固耐用，抗摔抗碰表现出色。,京东.json
VERTU Agent Q手机为什么是最结实的？,VERTU Agent Q采用瑞表级工艺机身，搭配珍稀皮革与红宝石按键，配备A5加密芯片和一机三系统，具备端到端加密安全保障；其6.02英寸120Hz柔性AMOLED屏幕具备高抗摔性，整体结构设计强化了抗冲击能力。,京东.json
VERTU Agent Q手机支持哪些防摔防磕碰特性？,VERTU Agent Q手机配备6.02英寸120Hz柔性AMOLED屏幕，机身采用瑞表级工艺，搭配珍稀皮革与红宝石按键，具备高抗摔抗碰性能；摄像头采用蓝宝石玻璃材质，硬度仅次于钻石，防刮耐磨，不易因外部环境导致划伤。我给您看看外观图[],京东.json
VERTU AGENT Q 旗舰新品的存储空间是否支持10TB？,支持16GB+1TB+10TB分布式存储，空间超大，完全不用担心存储问题。,京东.json
VERTU Agent Q手机支持11万的价值吗？,这款手机配置高端，工艺奢华，完全匹配11万的价值定位。,京东.json
VERTU Agent Q手机是否防尘防灰？,这款手机具备防尘防灰功能，日常使用更安心。,京东.json
VERTU AGENT Q手机是第几代至尊？,VERTU AGENT Q是最新款，搭载3nm高通骁龙8 Elite至尊版，主频高达4.32GHz，性能跃升30%且功耗降低20%，搭配16GB大内存，超6000mm² VC均热板散热，算力领先主流旗舰。,京东.json
VERTU AGENT Q 旗舰新品中，哪款是后面带钻石的？,这款VERTU AGENT Q旗舰新品无标配钻石款，定制需额外加价，起步价10万元。,京东.json
VERTU AGENT Q 旗舰新品中，红色玛瑙材质的款式是哪一个？,红色玛瑙材质的款式是22800元的小牛皮款。我给您看看外观图[],京东.json
VERTU Agent Q手机双卡使用时，没有型号的卡如何接打电话？,VERTU Agent Q支持卫星通话，无信号时可使用卫星卡接打电话。卫星卡需单独办理，兼容三大运营商。,京东.json
VERTU Agent Q手机的卫星电话卡是否需要插入手机？,卫星电话卡需插入手机才能使用。开机后自动连接卫星网络，通话更稳定。,京东.json
VERTU Agent Q手机的卫星通话卡如何收费？是否有年费？,卫星电话卡收费需联系移动、联通或电信营业点咨询。客服无法提供详细资费信息。,京东.json
VERTU Agent Q手机支持哪些运营商的卫星电话卡？,支持移动、联通、电信的卫星电话卡。全网通接入，使用更方便。,京东.json
VERTU Agent Q全球首款AI Agent手机的屏幕和影像系统配置是什么？,6.02英寸120Hz柔性AMOLED屏，显示流畅细腻。  影像系统支持13mm-140mm全焦段，拍摄更灵活。,京东.json
VERTU Agent Q全球首款AI Agent手机的存储与处理器配置是什么？,这款手机搭载3nm骁龙8 Elite至尊版处理器，运行流畅不卡顿。配备16GB+1TB超大存储，支持10TB分布式存储，海量空间随心用。,京东.json
VERTU Agent Q全球首款AI Agent手机是否支持双卫星双向通话？,支持双卫星双向通话，关键时刻更安心。,京东.json
VERTU Agent Q全球首款AI Agent手机的机身材质和工艺特点是什么？,采用瑞表级工艺机身，搭配珍稀皮革与红宝石按键。我给您看看外观图[VERTU Agent Q外观图],京东.json
VERTU Agent Q全球首款AI Agent手机是否支持端到端加密？,支持端到端加密，配备A5加密芯片。安全防护更全面，隐私更有保障。,京东.json
VERTU Agent Q手机微信可以正常使用吗？,可以的，微信在VERTU Agent Q手机上运行流畅，使用体验很好。,京东.json
VERTU AGENT Q手机的充电器是什么样子的？,我给您发几张实拍图吧[充电器为Type-C接口，是65W快充的充电头，包含充电头和数据线，是一套完整的充电设备。][],京东.json
VERTU Agent Q手机的AI智能体有哪些应用场景？,VERTU Agent Q手机搭载200多个AI智能体，覆盖工作与生活场景。无需跳转，一键完成任务，效率更高。,京东.json
VERTU Agent Q手机是否支持防止录音录屏的聊天功能？,支持安全防护功能。  通过vdao软件聊天和语音通话时，可防止对方录音录屏。,京东.json
VERTU AGENT Q 旗舰新品会卡顿吗？,这款旗舰新品运行流畅，不卡顿。支持与主流系统互联，数据一键同步，使用更省心。,京东.json
VERTU AGENT Q 旗舰新品支持一键导入数据吗？,支持一键导入数据，兼容性好，换机更省心。,京东.json
VERTU Agent Q手机的存储容量是多少？,手机配置为16GB+1TB存储，此外还提供10TB的免费分布式存储。10TB分布式存储将文件加密后存储在无数台服务器上，具有永久性、不可删除、不可修改、不丢失的特点，保障数据安全。,京东.json
VERTU AGENT Q手机折叠使用后期会有痕迹吗？,这款手机经过65万次折叠测试，仅会出现轻微折痕，不影响正常使用。,京东.json
VERTU Agent Q的宽度是多少？,VERTU Agent Q采用U型无缝设计，机身纤薄精致。具体宽度未公开，但整体握感舒适。,京东.json
VERTU AGENT Q 旗舰新品是否具备一键销毁功能？,具备一键销毁功能，5秒内清除所有数据，安全可靠。,京东.json
VERTU AGENT Q 旗舰新品主系统与META SPACE之间消息通知是否可跨系统提醒？,支持跨系统提醒，消息不遗漏，沟通更高效。,京东.json
VERTU AGENT Q 手机的量子密钥是什么意思？,VERTU AGENT Q 手机配备三重独立系统，支持多微信同时在线。  可一键切换主系统、密系统与伪装系统，保障信息安全。  数据5秒内彻底销毁，隐私更安心。,京东.json
VERTU AGENT Q 安全性能怎么样?,VERTU AGENT Q采用端对端加密，数据安全有保障。  通讯和服务器均部署在欧洲，符合欧盟法律。  自带10TB加密存储，数据永久保存，无法删除或修改。,京东.json
VERTU AGENT Q手机能否通过不同指纹切换系统？,支持多指纹快速切换系统，操作更便捷。,京东.json
VERTU Agent Q旗舰新品是否有唯一VSN编号？,每一款VERTU Agent Q都配有唯一VSN编号，确保身份唯一。,京东.json
VERTU AGENT Q 旗舰新品 29000元款和40000元款有什么区别?,两款配置完全一样，区别仅在后盖材质。,京东.json
佩戴VERTU AGENT Q 旗舰新品是否会影响打螺丝工作？,这款手表设计坚固，日常打螺丝完全不用担心。,京东.json
VERTU Agent Q的影像系统参数是什么?,VERTU Agent Q影像系统参数：主摄5000万像素（可变光圈+OIS），长焦6400万像素（微距），超广角5000万像素，覆盖13mm-140mm全焦段。支持机械变焦和人眼仿生镜头，暗光进光量多18%，夜景高光抑制提升23%，微距、长焦、夜景表现全面超越同级。,京东.json
VERTU Agent Q的机身材质有哪些选择?,VERTU Agent Q背部有多种材质可选，质感出众，性能一致。,京东.json
VERTU AGENT Q 旗舰新品的通用包装盒是哪种？,VERTU AGENT Q 旗舰新品采用量子折叠设计的统一包装盒，高端大气，保护性更强。,京东.json
VERTU Agent Q手机支持玩游戏吗？,支持玩游戏，运行流畅不卡顿。  游戏、电影、视频体验都很棒。,京东.json
VERTU AGENT Q旗舰新品的价值体现在哪里？,VERTU AGENT Q旗舰新品融合奢华工艺与独特品牌历史。  每一部都是高端收藏级艺术品，彰显非凡品味与身份。,京东.json
VERTU AGENT Q 旗舰新品是否支持2K+超感内屏？,视听盛宴：2K+超感内屏配合DTS:X Ultra影院级音效，是您的私人IMAX影院。,京东.json
VERTU AGENT Q 旗舰新品续航能力怎么样？电池可拆卸吗？,这款搭载4300mAh电池，支持65W快充，20分钟充电70%。  采用相变储能涂层，散热效率提升300%，零下30℃也能稳定运行。  电池不可拆卸，更安全耐用。,京东.json
VERTU AGENT Q 旗舰新品与别的手机有什么区别？,VERTU AGENT Q 采用全黄金鳄鱼皮高定设计，核心优势在于奢华材质、量子级隐私保护与专属高端服务。具体包括：全球首款采用量子密钥+BB84协议的折叠屏手机，支持端到端加密通讯、三系统独立解锁（工作/生活/隐私）、三指数据自毁功能，毫秒级销毁敏感信息；内置独立安全芯片，支持声纹、虹膜、指纹三重生物识别，金融级数据防护；支持双向全球卫星通讯，0.5米定位精度，无地面信号时仍可保持联系；内置VPS AI系统，支持76种语言实时翻译（准确率99.3%）、AI图像生成、AI会议记录等400+专业AI工具；配备24小时真人英式管家服务，一键呼叫可提供全球救援、高端餐厅预订、私人飞机安排等专属服务。,京东.json
VERTU AGENT Q 小折叠屏手机的卡槽在哪儿？,卡槽位于手机侧边。我给您看看外观图[],京东.json
VERTU AGENT Q旗舰新品支持测ECG心电图吗?,不支持ECG心电图检测。  支持睡眠监测、无创血糖检测等功能。  续航长达10天，支持无线磁吸充电。,京东.json
VERTU AGENT Q手机有什么具体优点介绍一下？,VERTU AGENT Q搭载3nm高通骁龙8 Elite至尊版，主频高达4.32GHz，性能跃升30%且功耗降低20%，搭配16GB大内存，无论大型应用还是复杂AI任务都能流畅运行；超6000mm² VC均热板散热，保证长时间高负载使用也不卡顿，算力领先主流旗舰；采用专属A5硬件加密芯片、一机三系统和10TB分布式存储，实现从硬件到软件的全方位防护；端到端加密聊天加上MPC加密钱包，确保隐私数据不泄露，安全等级远超普通旗舰；选用瑞表级机械铰链、316L精钢、红宝石按键和珍稀皮革材质，工艺远超普通金属玻璃机身；全球仅有27个豹子号编码，搭配7x24真人管家服务；支持200+AI智能体，覆盖工作（招聘、合同审核）、生活（翻译、预订）全场景，无需跳转APP；AI图片编辑、73国通话翻译功能实用性高；5565mAh超大硅基电池，容量远超iPhone 17 Pro Max（5088mAh）和三星Z Fold 7（4400mAh），搭配65W快充，续航更持久、回血更快；独家双卫星双向语音通话，无人区也能通信；全球首款可变光圈手机，主摄5000万像素+长焦6400万像素+超广角5000万像素，全焦段覆盖13mm-140mm，支持机械变焦和人眼仿生镜头，暗光进光量多18%，夜景高光抑制提升23%，微距、长焦、夜景表现全面超越同级。,天猫.json
VERTU AGENT Q手机支持哪些AI智能体功能？,支持200+AI智能体，覆盖工作与生活全场景。无需跳转，AI图片编辑与73国通话翻译功能实用性强。,天猫.json
VERTU AGENT Q手机的电池容量和充电速度是多少？,5565mAh超大硅基电池，搭配65W快充，续航更持久、回血更快。,天猫.json
VERTU AGENT Q手机的摄像头配置和拍摄能力如何？,VERTU AGENT Q手机主摄5000万像素，长焦6400万像素，超广角5000万像素，全焦段覆盖13mm-140mm。支持机械变焦和人眼仿生镜头，暗光进光量多18%，夜景高光抑制提升23%，微距、长焦、夜景表现全面超越同级。我给您看看外观图[VERTU AGENT Q摄像头配置图],天猫.json
VERTU AGENT Q手机的隐私安全防护措施有哪些？,采用专属A5硬件加密芯片、一机三系统和10TB分布式存储，实现从硬件到软件的全方位防护；端到端加密聊天加上MPC加密钱包，确保隐私数据不泄露，安全等级远超普通旗舰的单一加密方式。,天猫.json
VERTU AGENT Q手机的机身工艺和稀缺性如何？,选用瑞表级机械铰链、316L精钢、红宝石按键和珍稀皮革材质，开合间有清脆的“咔哒”声，工艺远超普通金属玻璃机身；全球仅有27个豹子号编码，搭配7x24真人管家服务，稀缺性无可替代。,天猫.json
VERTU AGENT Q手机是否支持卫星通信？,支持双卫星双向语音通话，无人区也能安心联络，户外出行更放心。,天猫.json
VERTU AGENT Q 限量发售的旗舰新品支持哪些功能？,VERTU AGENT Q支持5G通信与定制操作系统。  配备AI语音助手，多场景安全加密更安心。  专属客户服务，带来高端智能体验。,天猫.json
VERTU AGENT Q曜石黑配色的材质和工艺特点是什么？,VERTU AGENT Q曜石黑配色采用高端工艺，兼具性能与奢华设计。搭载3nm骁龙8 Elite芯片，支持双卫星双向通话，是全球首款AI智能体手机。,天猫.json
VERTU AGENT Q有哪些可选材质？不同材质的特性是什么？,VERTU AGENT Q可选曜石黑、黑色小牛皮、黑色鳄鱼皮和精密陶瓷四种材质。我给您看看外观图[VERTU AGENT Q材质对比图],天猫.json
VERTU AGENT Q直面屏手机支持卫星电话功能吗?,支持双卫星通信，可实现卫星通话，随时随地保持联系。,天猫.json
VERTU AGENT Q 限量发售的手机是否支持5G网络？,支持5G网络，全频段覆盖。国内主流运营商都能用，网速快又稳定。,天猫.json
VERTU AGENT Q 限量发售的手机是否配备独立安全芯片？,配备独立安全芯片，隐私和支付更安全。,天猫.json
VERTU AGENT Q 限量发售的手机支持多语言语音助手吗？,支持多语言语音助手，能听懂中、英、法、德、日、西等语言指令，使用更方便。,天猫.json
VERTU AGENT Q 限量发售的手机是否具备防窥显示功能？,这款手机具备防窥显示功能，正前方清晰可见，侧面观看内容自动模糊，有效保护隐私。,天猫.json
VERTU AGENT Q 限量发售的手机支持生物识别解锁吗？,支持生物识别解锁，包括面部识别与指纹识别双模式，提升安全性和便捷性。,天猫.json
VERTU AGENT Q 碳纤纹小牛皮全球首发款手机支持AI智能体功能吗？,这款是全球首款AI智能体手机，支持AI智能体功能，能实现智能交互与高效响应。,天猫.json
VERTU AGENT Q 碳纤纹小牛皮全球首发款手机的材质是什么？,采用316L精钢与珍稀小牛皮材质打造。我给您看看外观图[],天猫.json
VERTU Agent Q搭载什么处理器？,搭载3nm骁龙8 Elite至尊版处理器，性能强劲，功耗更低。,天猫.json
VERTU Agent Q是全球首款AI Agent手机吗？,是的，VERTU Agent Q是全球首款AI Agent手机。搭载3nm骁龙8 Elite至尊版，16GB+1TB存储搭配10TB分布式存储。6.02英寸120Hz柔性AMOLED屏，影像系统为5000万主摄（可变光圈+OIS）+6400万长焦（微距）+5000万超广角，覆盖13mm-140mm全焦段。内置5565mAh硅基电池+65W快充，支持双卫星双向通话。配备A5加密芯片+一机三系统，端到端加密保障安全。瑞表级工艺机身搭配珍稀皮革与红宝石按键，还有200+AI智能体与7x24真人管家，兼顾实用与奢华。,天猫.json
VERTU Agent Q支持哪些安全防护功能？,配备A5加密芯片+一机三系统+10TB分布式存储，从硬件到软件全方位防护。端到端加密聊天+MPC加密钱包，隐私数据不泄露，相比普通旗舰的单一加密方式，安全等级更高，适合商务人士存储敏感信息。,天猫.json
VERTU Agent Q的AI智能体有哪些应用场景？,200+AI智能体覆盖工作（招聘、合同审核）、生活（翻译、预订）全场景，打破APP壁垒无需跳转。AI图片编辑、73国通话翻译等功能实用性拉满，再加上真人管家兜底复杂需求，服务体验远超纯软件AI手机。,天猫.json
VERTU Agent Q的机身工艺有哪些特点？,瑞表级机械铰链、316L精钢、红宝石按键与珍稀皮革材质，开合有清脆“咔哒”声，工艺远超普通金属玻璃机身。搭配7x24真人管家，不仅是手机更是专属身份标识，稀缺性无可替代。,天猫.json
VERTU Agent Q 碳纤纹小牛皮手机支持双卫星双向通话吗？,支持双卫星双向通话，信号稳定，远距离沟通更安心。,天猫.json
VERTU Agent Q 碳纤纹小牛皮手机搭载什么处理器？,这款搭载3nm骁龙8 Elite至尊版处理器，性能强劲，运行更流畅。,天猫.json
VERTU Agent Q 碳纤纹小牛皮手机的屏幕尺寸和刷新率是多少？,6.02英寸120Hz柔性AMOLED屏，显示流畅细腻。,天猫.json
VERTU Agent Q 碳纤纹小牛皮手机的存储配置是什么？,这款手机配备16GB+1TB超大存储，还有10TB分布式存储，空间够用。,天猫.json
VERTU Agent Q 碳纤纹小牛皮手机的影像系统配置是什么？,这款手机配备5000万主摄，支持可变光圈和光学防抖。  还有6400万长焦镜头，支持微距拍摄。  搭配5000万超广角，覆盖13mm到140mm全焦段，拍照更灵活。,天猫.json
VERTU Agent Q 碳纤纹小牛皮手机的电池容量和充电功率是多少？,这款配备5565mAh大电池，支持65W快充。日常使用一整天完全没问题。,天猫.json
VERTU Agent Q 碳纤纹小牛皮手机是否配备A5加密芯片和一机三系统？,配备A5加密芯片和一机三系统，安全防护更全面。,天猫.json
VERTU Agent Q 碳纤纹小牛皮手机的机身材质和特色按键是什么？,瑞表级工艺机身搭配珍稀皮革与红宝石按键。我给您看看外观图[VERTU Agent Q 碳纤纹小牛皮外观图],天猫.json
VERTU Agent Q的屏幕规格是什么？,这款配备6.02英寸120Hz柔性AMOLED屏，显示流畅细腻，视觉体验出色。,天猫.json
VERTU Agent Q的影像系统配置是什么？,VERTU Agent Q配备5000万主摄，支持可变光圈和光学防抖。  6400万长焦支持微距拍摄，5000万超广角覆盖13mm-140mm全焦段。  一机搞定远近景，拍照更灵活。,天猫.json
VERTU Agent Q的电池与充电规格是什么？,这款配备5565mAh大电池，支持65W快充。日常使用一整天完全没问题。,天猫.json
VERTU Agent Q是否支持双卫星双向通话？,支持双卫星双向通话，通话更稳定，随时随地保持联系。,天猫.json
VERTU Agent Q的加密系统有哪些特点？,配备A5加密芯片+一机三系统，端到端加密保障安全。三个独立运行的系统分别是主系统、加密系统和伪装系统，对您的信息进行分系统加密，您可以通过不同的解锁方式一键丝滑切换三个系统，非常便捷。,天猫.json
VERTU Agent Q的存储配置是什么？,这款配备16GB+1TB本地存储，还有10TB分布式存储。海量空间，文件随时存取。,天猫.json
VERTU Agent Q支持多少个AI智能体？,这款支持200多个AI智能体，全天候贴心服务，随时为您效劳。,天猫.json
VERTU Agent Q的系统架构是什么？,一机三系统，分别是主系统、加密系统和伪装系统，三个独立运行的系统，对您的信息进行分系统加密，您可以通过不同的解锁方式一键丝滑切换三个系统，非常便捷。,天猫.json
VERTU Agent Q手机的屏幕参数是什么？,这款手机配备6.02英寸120Hz柔性AMOLED屏，显示流畅细腻。,天猫.json
VERTU Agent Q手机的加密安全特性有哪些？,这款手机配备A5加密芯片和一机三系统，实现端到端加密。支持MPC加密钱包，隐私数据更安全。,天猫.json
VERTU Agent Q手机是否提供24小时私人管家服务？,这款手机提供7x24小时真人管家服务，随时为您贴心守护。,天猫.json
VERTU Agent Q手机的外观设计特点是什么？,外观考究，采用珍稀皮革与红宝石按键，瑞表级机械铰链，开合有清脆“咔哒”声。我给您看看外观图[VERTU Agent Q外观图],天猫.json
VERTU Agent Q手机是否支持端到端加密？,支持端到端加密，聊天更安全，隐私有保障。,天猫.json
VERTU Agent Q手机有哪些核心配置和功能？,全球首款AI Agent手机，搭载3nm骁龙8 Elite至尊版处理器，配备16GB+1TB存储及10TB分布式存储；6.02英寸120Hz柔性AMOLED屏幕；影像系统为5000万主摄（可变光圈+OIS）+6400万长焦（微距）+5000万超广角，覆盖13mm-140mm全焦段；内置5565mAh硅基电池，支持65W快充；支持双卫星双向通话；配备A5加密芯片与一机三系统，实现端到端加密；采用瑞表级工艺机身，搭配珍稀皮革与红宝石按键；内置200+AI智能体与7x24小时真人管家服务。,天猫.json
VERTU Agent Q手机像素是多少？,这款手机配备5000万主摄，支持可变光圈和光学防抖。  还有6400万长焦镜头，支持微距拍摄。  超广角镜头也达5000万像素，全焦段拍摄更灵活。,天猫.json
VERTU AGENT Q 限量版旗舰新品的发售形式是什么？,这款VERTU AGENT Q限量版旗舰新品为限量发售，尊享独特收藏价值。,天猫.json
VERTU Agent Q手机可以看朋友圈发的实况图吗?,可以的哦，支持查看朋友圈实况图，体验更流畅。,天猫.json
VERTU Agent Q手机是什么系统?,VERTU Agent Q是全球首款AI Agent手机。搭载3nm骁龙8 Elite至尊版，16GB+1TB存储搭配10TB分布式存储。6.02英寸120Hz柔性AMOLED屏，影像系统为5000万主摄（可变光圈+OIS）+6400万长焦（微距）+5000万超广角，覆盖13mm-140mm全焦段。内置5565mAh硅基电池+65W快充，支持双卫星双向通话。配备A5加密芯片+一机三系统，端到端加密保障安全。瑞表级工艺机身搭配珍稀皮革与红宝石按键，还有200+AI智能体与7x24真人管家，兼顾实用与奢华。,天猫.json
VERTU Agent Q的内存配置是1TB+16GB吗？,是的，搭载3nm高通骁龙8 Elite至尊版，主频高达4.32GHz，性能跃升30%且功耗降低20%，搭配16GB大内存，无论大型应用还是复杂AI任务都流畅无压力。超6000mm² VC均热板散热，长时间高负载使用也不卡顿，算力领先主流旗舰。16GB+1TB存储搭配10TB分布式存储。,天猫.json
VERTU AGENT Q 限量发售的旗舰新品是否为限量款？,是的，VERTU AGENT Q 是限量发售的旗舰款，尊享独特身份。,天猫.json
VERTU Agent Q手机6.1寸的有没？,VERTU Agent Q是全球首款AI Agent手机，配备6.02英寸120Hz柔性AMOLED屏，显示效果流畅细腻。,天猫.json
VERTU Agent Q手机有哪些高端配置?,搭载3nm骁龙8 Elite至尊版，16GB+1TB存储搭配10TB分布式存储；6.02英寸120Hz柔性AMOLED屏；影像系统为5000万主摄（可变光圈+OIS）+6400万长焦（微距）+5000万超广角，覆盖13mm-140mm全焦段；内置5565mAh硅基电池+65W快充；支持双卫星双向通话；配备A5加密芯片+一机三系统，端到端加密保障安全；瑞表级工艺机身搭配珍稀皮革与红宝石按键；拥有200+AI智能体与7x24真人管家。,天猫.json
VERTU Agent Q是全球首款AI Agent手机，这款手机能玩游戏吗？,可以的哦。搭载3nm高通骁龙8 Elite至尊版，主频高达4.32GHz，性能跃升30%且功耗降低20%，搭配16GB大内存，无论大型应用还是复杂AI任务都流畅无压力。超6000mm² VC均热板散热，长时间高负载使用也不卡顿，算力领先主流旗舰。使用是非常丝滑的哦。,天猫.json
VERTU AGENT Q手机支持NFC吗？,支持NFC功能，日常刷卡、支付更便捷。,天猫.json
VERTU AGENT Q旗舰新品不同材质版本有什么区别？,VERTU AGENT Q旗舰新品不同材质版本，价格区别主要在于材质。我给您看看外观图[VERTU AGENT Q四材质版本图],天猫.json
VERTU AGENT Q手机的屏幕刷新率是多少？,这款手机配备120Hz高刷AMOLED屏幕，滑动更流畅，视觉体验更佳。,天猫.json
VERTU AGENT Q手机是否支持屏下指纹解锁？,支持屏下指纹解锁，解锁更快更安全。,天猫.json
VERTU AGENT Q手机的屏幕类型是什么？,这款手机配备120Hz高刷AMOLED屏幕，显示更流畅细腻。,天猫.json
VERTU Agent Q手机是否适合自用？,这款手机适合自用，支持三系统切换，能替代多部备用机。搭载200多个AI智能体，生活工作更高效便捷。,天猫.json
VERTU AGENT Q手机是直面屏吗？,是直面屏设计，视觉更开阔，操作更顺手。,天猫.json
VERTU Agent Q这款手机是高定款式吗？,是的，VERTU Agent Q是高定款式，彰显尊贵身份。,天猫.json
VERTU AGENT Q手机支持微信、抖音、QQ音乐等常用应用吗？,支持微信、抖音、QQ音乐等常用应用。语音指令还能轻松操控各种功能，使用更便捷。,天猫.json
VERTU Agent Q手机可以玩游戏吗?,可以的，VERTU Agent Q是全球首款AI Agent手机，搭载3nm骁龙8 Elite至尊版，16GB+1TB存储，支持高性能游戏运行；配备6.02英寸120Hz柔性AMOLED屏，游戏体验流畅顺滑。,天猫.json
VERTU AGENT Q奢品直面屏手机与老款手机有何不同？,VERTU AGENT Q奢品直面屏手机采用直面屏设计，搭配进口珍稀皮革和高级宝石材质。我给您看看外观图[VERTU AGENT Q外观图],天猫.json
VERTU Agent Q手机支持防水和耐用吗？,这款手机采用瑞表级工艺，搭配珍稀皮革与红宝石按键，坚固耐用。  内置A5加密芯片，支持一机三系统，安全防护更全面。,天猫.json
VERTU Agent Q手机是否适合工程人员使用？,这款手机采用直屏设计，机身坚固耐用，安全可靠，续航持久，特别适合工程等高强度工作场景。,天猫.json
VERTU Agent Q手机支持一机三系统吗?,支持一机三系统，用不同指纹解锁不同空间。一键销毁、定时复原，安全又方便。,天猫.json
VERTU Agent Q手机是否提供真人管家服务?,是的，提供7x24小时真人管家服务。购买后可享一对一专属贴心服务。,天猫.json
VERTU Agent Q手机的私人管家服务涵盖哪些内容?,VERTU Agent Q手机的私人管家服务覆盖147项功能。  包含旅游、美食、健康、法律等全方位服务。  生活工作更省心，体验更贴心。,天猫.json
VERTU Agent Q手机的处理器和存储配置是什么?,这款手机搭载3nm骁龙8 Elite至尊版，性能强劲。配备16GB+1TB存储，还支持10TB分布式存储，空间超大。,天猫.json
VERTU AGENT Q 碳纤纹小牛皮手机在什么地方生产？,在英国总部纯手工打造，从选材到抛光都传承英国百年精湛技艺和严苛标准。,天猫.json
VERTU Agent Q旗舰手机的影像系统配置有哪些？,VERTU Agent Q旗舰手机配备5000万主摄（可变光圈+OIS）+6400万长焦（微距）+5000万超广角，覆盖13mm-140mm全焦段。我给您看看外观图[],天猫.json
VERTU Agent Q旗舰手机的存储配置是什么？,这款手机配备16GB+1TB超大存储，还有10TB分布式存储，空间够用。,天猫.json
VERTU AGENT Q手机支持有线充电吗？充电功率是多少？,支持Type-C接口，有线充电功率高达65W，充电快又稳。,天猫.json
METAVERTU手机的双系统是指哪两个系统？,METAVERTU手机的双系统是指VERTU OS与原生安卓系统，两套系统完全独立，可随时切换，实现一机双世界。,天猫.json
VERTU Agent Q手机的CPU是什么型号？,这款搭载3nm骁龙8 Elite至尊版处理器，性能强劲，运行更流畅。,天猫.json
VERTU AGENT Q 限量版旗舰新品是否为奢品Meta手机？,是的，VERTU AGENT Q 限量版属于奢品Meta手机系列，尊贵品质尽显。,天猫.json
VERTU AGENT Q手机与华为等国产品牌手机功能是否相似？,VERTU AGENT Q是AI Agent手机，主打奢华工艺与三系统加密。华为手机则更注重性价比和5G体验。,天猫.json
VERTU AGENT Q手机的屏幕尺寸是多少？,这款手机屏幕为6.02英寸，显示效果清晰细腻。,天猫.json
VERTU AGENT Q手机会不会摔碎或破屏？,这款手机配有金刚边框保护，日常使用更安心，不易破屏。,天猫.json
VERTU Agent Q手机的机身工艺和材质是什么?,VERTU Agent Q手机采用瑞表级工艺机身，搭配珍稀皮革与红宝石按键。我给您看看外观图[VERTU Agent Q外观图],天猫.json
VERTU Agent Q手机的金属边框怕划吗？,金属边框坚固耐用，日常使用完全不用担心划伤。,天猫.json
VERTU Meta双曲屏手机和VERTU Agent Q有什么区别？,VERTU Meta双曲屏手机搭载骁龙8 Gen1，配备12+512G或18+1TB存储，6.67英寸144Hz高刷曲面屏，后置6400万三摄，4600mAh电池，支持快充与无线充电，后壳可选陶瓷、蓝宝石或珍稀皮质。  VERTU Agent Q是全球首款AI Agent手机，搭载3nm骁龙8 Elite至尊版，16GB+1TB存储，配10TB分布式存储，6.02英寸120Hz柔性屏，5000万可变光圈主摄+6400万长焦，支持双卫星通话，内置5565mAh硅基电池，配备A5加密芯片与一机三系统，支持端到端加密，机身采用瑞表级工艺与红宝石按键，搭载200+AI智能体与7x24真人管家。,天猫.json
VERTU Agent Q支持刷快手吗？,支持刷快手，5G智能机，流畅不卡顿。,天猫.json
VERTU Agent Q的配置参数是什么？,搭载3nm骁龙8 Elite至尊版，16GB+1TB存储搭配10TB分布式存储。6.02英寸120Hz柔性AMOLED屏，影像系统为5000万主摄（可变光圈+OIS）+6400万长焦（微距）+5000万超广角，覆盖13mm-140mm全焦段。内置5565mAh硅基电池+65W快充，支持双卫星双向通话。配备A5加密芯片+一机三系统，端到端加密保障安全。瑞表级工艺机身搭配珍稀皮革与红宝石按键，还有200+AI智能体与7x24真人管家，兼顾实用与奢华。,天猫.json
VERTU Agent Q手机充电口是哪种？,VERTU Agent Q手机采用Type-C充电口，充电更便捷。,天猫.json
VERTU Agent Q手机有语音智能助手吗?,有的，VERTU Agent Q是全球首款AI Agent手机，内置200+AI智能体与7x24真人管家，支持语音智能交互。,天猫.json
VERTU AGENT Q 旗舰新品小牛皮款支持哪些材质？,支持小牛皮和鳄鱼皮两种材质。我给您看看外观图[],天猫.json
VERTU Agent Q是全球首款AI Agent手机，它能打视频电话吗？,当然可以，VERTU Agent Q支持高清视频通话，随时随地畅连无忧。,天猫.json
VERTU AGENT Q 旗舰新品的屏幕分辨率是多少？,这款旗舰新品配备2K+超感内屏，画质清晰细腻，带来沉浸式视觉体验。,天猫.json
VERTU Agent Q是老年机吗？,不是老年机，是全球首款AI Agent手机，搭载3nm骁龙8 Elite至尊版，16GB+1TB存储，配备6.02英寸120Hz柔性AMOLED屏，支持双卫星双向通话，具备200+AI智能体与7x24真人管家，兼顾智能体验与奢华工艺。,天猫.json
VERTU AGENT Q旗舰手机的材质是什么？,采用316L精钢与珍稀皮革打造，彰显高端品质与独特设计。,天猫.json
VERTU Agent Q旗舰手机支持视频通话吗?,可以的呢。VERTU Agent Q是全球首款AI Agent手机，搭载3nm骁龙8 Elite至尊版，16GB+1TB存储搭配10TB分布式存储，6.02英寸120Hz柔性AMOLED屏，影像系统为5000万主摄（可变光圈+OIS）+6400万长焦（微距）+5000万超广角，覆盖13mm-140mm全焦段，支持视频通话。,天猫.json
VERTU AGENT Q 限量发售的旗舰新品支持下载微信吗？,VERTU AGENT Q 支持安装微信等主流应用。  作为奢品Meta手机，使用更便捷流畅。,天猫.json
VERTU AGENT Q 限量发售的旗舰新品手机支持哪些颜色？,这款限量旗舰机仅在客户端展示配色，建议您登录客户端查看详细信息。,天猫.json
VERTU AGENT Q 限量发售的奢品Meta手机支持苹果设备吗？,支持与苹果设备互联，使用更便捷。,天猫.json
VERTU AGENT Q 限量发售的量子折叠屏手机支持哪些功能？,VERTU AGENT Q 为奢品Meta手机，支持量子折叠屏技术。我给您看看实物图[],天猫.json
VERTU AGENT Q 限量发售手机是老人机吗?,不是老人机，是高端智能腕表风格的Meta手机，支持多种智能功能，尊享奢华体验。,天猫.json
VERTU AGENT Q 限量发售手机不是智能机吗?,是智能机，属于奢品Meta手机系列，支持智能功能。高端配置，体验更出色。,天猫.json
VERTU Agent Q手机在几年内会不会卡顿？,搭载3nm高通骁龙8 Elite至尊版，主频4.32GHz，16GB+1TB存储，超6000mm² VC均热板散热，性能提升30%且功耗降低20%，支持大型应用与复杂AI任务流畅运行，长时间高负载使用也不卡顿。,天猫.json
VERTU Agent Q新款手机有喜马拉雅白和紫色的实物视频吗？,我给您看看实物视频吧，VERTU Agent Q支持喜马拉雅白和紫色款的实物视频展示。因平台限制，视频画质可能不清，建议您留下联系方式以便获取高清视频参考。[VERTU Agent Q喜马拉雅白紫色实物视频],天猫.json
VERTU Agent Q新款手机还有其他新款吗？,VERTU Agent Q是最新款手机，2024年5月推出的折叠屏型号也很新。目前暂无其他新款发布。,天猫.json
VERTU Agent Q新款手机有折叠屏版本吗？,有，2024年5月推出了折叠屏版本，是最新款之一。,天猫.json
VERTU AGENT Q智能腕表是机械表吗?,这款是智能腕表，不是机械表。支持智能提醒和健康监测功能。,天猫.json
VERTU AGENT Q手机的10TB云存储空间是否支持手机数据上传？手机丢失后能否从云端恢复数据？,AGENT Q手机的10TB云存储空间支持上传图片、联系人等资料。若数据已上传至10TB云空间，手机丢失后可在新设备上通过原账号登录恢复；未同步的数据无法找回。,天猫.json
VERTU Agent Q手机的电池和充电支持情况如何？,这款配备5565mAh大电池，支持65W快充。日常使用一整天完全没问题。,天猫.json
VERTU AGENT Q 限量发售的直屏手机有哪些材质和颜色可选？,这款直屏手机有不同材质和颜色可选。我给您发几张实拍图看看[VERTU AGENT Q三色外观图],天猫.json
VERTU Agent Q手机屏膜有吗？,这款手机屏幕自带高强度防护，无需贴膜，日常使用更安心。,天猫.json
VERTU AGENT Q 三系统国际版手机能否使用当地SIM卡？,支持当地SIM卡使用，三网兼容，出行更方便。,天猫.json
VERTU AGENT Q 智能手机12GB+512GB或18GB+1TB存储容量是多少？,存储容量为12GB+512GB或18GB+1TB；此外还提供10TB永久免费的分布式存储空间，相当于可存储约1万部1G大小的高清电影、166万首6MB高品质音乐或200万张5MB高清图片。,天猫.json
VERTU Agent Q的绿色款使用什么材质的皮？,这款VERTU Agent Q绿色款采用彩色稀有鳄鱼皮，质感高级，彰显尊贵。,天猫.json
METAVERTU2黄财神版本与苹果手机相比有何优势？,VERTU黄财神版采用钛合金与蓝宝石玻璃，质感非凡。  支持一键私人管家，还有量子加密保护。  不仅是手机，更是身份象征，彰显尊贵品味。,天猫.json
VERTU Agent Q 旗舰手机的一机三系统具体有哪些区别？,VERTU Agent Q 一机三系统，主系统日常使用，加密系统保障隐私安全，伪装系统可隐藏身份。三系统独立运行，一键切换，加密与伪装系统5秒内可一键销毁数据，支持同时登录4个微信账号，安全又便捷。,天猫.json
VERTU AGENT Q 搭载骁龙8至尊处理器吗?,搭载3nm高通骁龙8 Elite至尊版，主频高达4.32GHz，性能跃升30%且功耗降低20%，搭配16GB大内存，无论大型应用还是复杂AI任务都流畅无压力。,天猫.json
VERTU AGENT Q 所有颜色版本是否都搭载相同的处理器?,是的，同型号的处理器配置都一样，性能稳定可靠。,天猫.json
VERTU Agent Q是全球首款AI Agent手机有多少GB存储?,这款手机配备16GB运行内存和1TB机身存储，还有10TB分布式存储，空间超大，用起来更安心。,天猫.json
VERTU Agent Q手机能否砸核桃？,当然可以，这款手机坚固耐用，日常使用完全没问题。,天猫.json
VERTU AGENT Q 全球限量发售的手机是2025年新款吗？,这款是2022年新款，经典设计，全球限量发售。,天猫.json
VERTU AGENT Q 全球限量发售的手机是双卡吗？,这款支持双卡全网通，使用更灵活方便。,天猫.json
VERTU AGENT Q 全球限量发售的手机的屏幕尺寸和分辨率是多少？,6.67寸FHD+ AMOLED曲面屏，支持144Hz高刷新率。,天猫.json
VERTU Agent Q手机有哪些可选材质和颜色？,提供多种材质选择，颜色丰富可选，满足个性化需求。,天猫.json
VERTU AGENT Q 全球限量发售的手机的摄像头配置是什么？,这款手机后置6400万主摄加5000万广角，搭配800万潜望镜头。前置1600万超清人像镜头，自拍更清晰。,天猫.json
VERTU AGENT Q 全球限量发售的手机的电池容量和快充功率是多少？,这款手机配备4600mAh大电池，支持55W快充，续航持久，充电迅速。,天猫.json
VERTU AGENT Q 全球限量发售的手机的系统支持哪些功能？,VERTU AGENT Q支持一机三系统，主系统、密系统与伪装系统可自由切换。  支持指纹、手势、密码一键切换，多微信同时在线更安全。  5秒内一键销毁数据，阅后即焚，隐私保护更全面。,天猫.json
VERTU AGENT Q 全球限量发售的手机的产地是哪里？,这款手机采用国外进口零部件，国内发货，品质可靠。,天猫.json
VERTU Agent Q手机质量好吗？,VERTU Agent Q质量非常出色。  全球首款AI Agent手机，性能强劲，安全又奢华。  搭载3nm芯片，16GB+1TB存储，续航持久，体验非凡。,天猫.json
VERTU Agent Q手机的散热系统配置是什么？,这款配备超6000mm² VC均热板散热，长时间高负载也不卡顿。,天猫.json
VERTU Agent Q 旗舰手机的存储空间有多大？是否永久免费？,配备10TB永久免费分布式存储空间，可存1万部1G高清电影，彻底解决内存不足问题。,天猫.json
VERTU Agent Q手机内存是多少G？,这款手机配备16GB运行内存和1TB存储空间，运行流畅，存储海量文件毫无压力。,天猫.json
VERTU Agent Q 旗舰手机是否支持Web3功能？有哪些具体应用？,VERTU Agent Q旗舰手机支持Web3功能。  内置MPC加密钱包，搭配Key Box安全存储助记词。  结合SE芯片加密技术，数字资产交易更安全便捷。,天猫.json
VERTU Agent Q配备哪些安全加密技术？,配备A5加密芯片和一机三系统，端到端加密更安全可靠。,天猫.json
VERTU AGENT Q 旗舰新品的量子密钥如何体现？,一机三系统：工作、生活、私密空间，物理隔离，互不干扰，一个身份一个系统；量子级加密：从芯片到通话，端到端VDAO量子加密，确保每一次沟通绝对私密，无法破译；金融级防护：每一笔交易都享受银行金库级别的安全守护。,天猫.json
VERTU Agent Q手机能上网吗?,可以的哦，VERTU Agent Q是全球首款AI Agent手机，支持上网功能。搭载3nm骁龙8 Elite至尊版，配备6.02英寸120Hz柔性AMOLED屏，支持5G网络连接，可满足日常上网、社交、办公等需求。此外，还具备双卫星双向通话功能，确保在极端环境下也能保持通信。,天猫.json
VERTU AGENT Q旗舰新品支持5G吗?,支持5G网络，双卡双待全网通，网速更快更稳定。,天猫.json
MetaVertu显示屏规格是什么？,6.67英寸FHD+ AMOLED曲面屏，分辨率为1080*2400，支持144Hz高刷新率。,天猫.json
MetaVertu后壳可选材质有哪些？,可选陶瓷质感后壳、蓝宝石玻璃、总裁签名复刻巴黎钉风格后壳，以及小牛皮/鳄鱼皮/碳纤维材质。我给您看看外观图[MetaVertu后壳材质图],天猫.json
VERTU Agent Q手机支持多少个AI智能体和是否提供真人管家服务?,这款手机配备200多个AI智能体，还有7x24小时真人管家服务，随时为您贴心守护。,天猫.json
VERTU Agent Q手机有哪些个性化服务？,支持一键呼叫私人助理，7x24小时真人管家服务。涵盖旅游、美食、健康、法律等全方位生活支持，贴心又省心。,天猫.json
VERTU AGENT Q旗舰手机有哪些核心特点?,全球首款AI智能体手机，AI直抵交付，体验更高效。  316L精钢搭配珍稀皮革，质感非凡。  设计革新，性能强劲，支持优先发货。,天猫.json
VERTU Agent Q手机支持三卡吗？,VERTU Agent Q是双卡双待设计，日常使用完全够用。,天猫.json
VERTU AGENT Q手机是干什么用的？,VERTU AGENT Q手机主要用于通话、上网、拍照等，是高端智能移动设备。支持200+AI智能体，覆盖工作与生活全场景，无需跳转。具备AI图片编辑、73国通话翻译等功能，还有真人管家提供兜底服务。,天猫.json
VERTU AGENT Q 旗舰新品支持3nm高通骁龙8 Elite至尊版处理器吗？,搭载3nm高通骁龙8 Elite至尊版，主频高达4.32GHz，性能跃升30%且功耗降低20%，搭配16GB大内存，无论大型应用还是复杂AI任务都流畅无压力。,天猫.json
VERTU AGENT Q 旗舰新品配备的散热系统是什么？,这款配备超6000mm² VC均热板散热，长时间高负载也不卡顿，性能稳定强劲。,天猫.json
VERTU Agent Q手机通话能加密吗?,配备A5加密芯片和三系统，通话全程端到端加密，安全有保障。,天猫.json
VERTU Agent Q的电池容量是多少?,这款内置5565mAh硅基电池，续航持久，日常使用一整天完全没问题。,天猫.json
VERTU Agent Q的屏幕尺寸和刷新率是多少?,6.02英寸120Hz柔性AMOLED屏，画面流畅细腻，视觉体验出色。,天猫.json
VERTU Agent Q是否配备AI智能体?,VERTU Agent Q配备200多个AI智能体，还有7x24小时真人管家服务。,天猫.json
VERTU Agent Q是否支持65W快充?,支持65W快充，充电更快更省心。,天猫.json
VERTU Agent Q手机的好处在哪里?,VERTU Agent Q是全球首款AI Agent手机，搭载3nm骁龙8 Elite至尊版，16GB+1TB存储搭配10TB分布式存储；6.02英寸120Hz柔性AMOLED屏，影像系统为5000万主摄（可变光圈+OIS）+6400万长焦（微距）+5000万超广角，覆盖13mm-140mm全焦段；内置5565mAh硅基电池+65W快充，支持双卫星双向通话；配备A5加密芯片+一机三系统，端到端加密保障安全；瑞表级工艺机身搭配珍稀皮革与红宝石按键；拥有200+AI智能体与7x24真人管家，兼顾实用与奢华。,天猫.json
VERTU Agent Q手机芯片是骁龙8 Elite至尊版还是8 Elite Gen5?,是骁龙8 Elite至尊版哦。VERTU Agent Q是全球首款AI Agent手机，搭载3nm骁龙8 Elite至尊版，16GB+1TB存储搭配10TB分布式存储。,天猫.json
VERTU Agent Q手机屏幕是蓝宝石材质吗？,新款屏幕不是蓝宝石材质，采用康宁大猩猩玻璃陶瓷2材质，抗摔破裂性能突出，抗跌落性较前代提升显著，能分散外力；抗摩擦划痕性能强，莫氏硬度达行业高端水准，可应对日常硬物摩擦。,天猫.json
VERTU Agent Q手机的AI图片编辑和通话翻译功能支持哪些？,支持AI图片编辑，还能实现73国实时通话翻译，实用又方便。,天猫.json
VERTU Agent Q能拍照吗?,可以的噢老板。这款是5G系列的双卡双待智能机系列的噢。我给您看看外观图[VERTU Agent Q拍照功能演示视频],天猫.json
VERTU Agent Q手机可以定制苹果系统吗？,这款手机是安卓系统，无法定制苹果系统。,天猫.json
VERTU Agent Q手机搭载的芯片是什么？,这款搭载3nm骁龙8 Elite至尊版处理器，性能强劲，运行更流畅。,天猫.json
VERTU Agent Q手机的AI Agent能否与英伟达AI媲美？,VERTU的AI Agent在语言理解和多场景应用上表现出色，和英伟达AI实力相当。,天猫.json
VERTU Agent Q是三系统吗?,是的，这款是一机三系统哦，安卓系统+私密系统+幽灵系统；配备专属A5硬件加密芯片、10TB分布式存储，端到端加密聊天与MPC加密钱包，从硬件到软件全方位防护，安全等级高于普通旗舰，适合商务人士存储敏感信息。,天猫.json
VERTU Agent Q AI Agent手机和正常苹果手机有什么区别？,VERTU Agent Q是全球首款AI Agent手机，搭载3nm骁龙8 Elite至尊版，16GB+1TB存储搭配10TB分布式存储；6.02英寸120Hz柔性AMOLED屏，影像系统为5000万主摄（可变光圈+OIS）+6400万长焦（微距）+5000万超广角，覆盖13mm-140mm全焦段；内置5565mAh硅基电池+65W快充，支持双卫星双向通话；配备A5加密芯片+一机三系统，端到端加密保障安全；瑞表级工艺机身搭配珍稀皮革与红宝石按键，还有200+AI智能体与7x24真人管家，兼顾实用与奢华。,天猫.json
VERTU Agent Q AI Agent手机的保密性更高吗？,VERTU手机采用专业加密系统，通话聊天全程无痕。  每次通话生成新密钥，防窃听防追踪。  信息阅后即焚，无法保存或转发，安全更放心。,天猫.json
VERTU Agent Q手机的红宝石按钮有什么特点？,红宝石按钮位于手机侧边，与瑞表级工艺机身、珍稀皮革搭配，彰显奢华质感。我给您看看外观图[VERTU Agent Q红宝石按钮特写图],天猫.json
VERTU AGENT Q 限量发售的奢品Meta手机是否提供私人管家服务？,是的，VERTU为每部手机提供专属私人管家服务，确保产品符合严苛标准，体现非凡工艺与卓越服务体验。,天猫.json
VERTU AGENT Q 限量发售的奢品Meta手机采用哪些材质？,VERTU AGENT Q 限量发售的奢品Meta手机采用稀有皮质和珠宝打造，体现非凡工艺与艺术品位。我给您看看外观图[VERTU AGENT Q材质细节图],天猫.json
VERTU AGENT Q 奢品Meta手机背面是否为天然玛瑙？,VERTU AGENT Q 奢品Meta手机背面采用的是巴西纯天然玛瑙，每一块都是独一无二的。我给您看看实物图片[VERTU AGENT Q 玛瑙背板图],天猫.json
VERTU AGENT Q 旗舰新品与华为X7相比有哪些功能差异？,VERTU AGENT Q是奢侈品手机，与华为X7定位不同。  搭载量子折叠屏和多项AI功能，支持断网修图、消除路人。  一机三系统，独立应用，安全又高效。,天猫.json
VERTU AGENT Q 旗舰新品的内存配置是多少？,这款配备16G运行内存，1TB机身存储，还有10TB分布式存储空间，用起来超流畅。,天猫.json
VERTU AGENT Q 旗舰新品的10TB分布式存储空间有多大？,10TB分布式存储空间相当于可存储1万部1G大小的高清电影，约166万首6MB的高品质音乐，或约200万张5MB的高清图片；该空间为永久免费，且数据仅限用户本人查看，其他手段无法访问。,天猫.json
VERTU AGENT Q 旗舰新品的屏幕展开后是否为一个整屏？,是的，展开后为一个完整的整屏，采用超感6.9英寸巨幕OLED内屏，支持大型游戏满帧运行。,天猫.json
VERTU AGENT Q 旗舰新品的量子折叠屏双屏设计具体是什么？,VERTU AGENT Q 旗舰新品采用双屏折叠设计：外屏为3英寸682*422分辨率，阳光下清晰可见；内屏为6.9英寸巨幕OLED屏，支持大型游戏满帧运行；展开后为连屏整屏显示。我给您展示一下实物[VERTU AGENT Q双屏设计图],天猫.json
VERTU AGENT Q 旗舰新品是否支持AI机器服务？,支持AI机器服务，包括会议纪要、健身教练、美颜视频等功能。  AI还能实现多语言实时翻译，断网也能修图、消除路人，体验更智能。,天猫.json
VERTU AGENT Q 旗舰新品的总裁百宝箱功能有哪些？,VERTU AGENT Q的总裁百宝箱可自动制作财务报表，AI招聘更高效，还能智能分析股票金融数据。,天猫.json
VERTU AGENT Q 旗舰新品带缝线的材质容易坏吗？,这款手机采用高品质缝线工艺，耐用性强。正常使用完全不用担心损坏。,天猫.json
VERTU AGENT Q 旗舰新品是否支持多系统独立运行？,支持三个独立系统，互不干扰。可同时运行多个微信账号，办公更高效。,天猫.json
VERTU AGENT Q 旗舰新品的侧边按键是否为红宝石材质？,侧边按键采用红宝石材质，专为VERTU私人管家服务设计，一键直达全球服务总台。,天猫.json
VERTU AGENT Q 限量发售的手机是否支持全球专属售后服务？,是的，VERTU AGENT Q 限量款支持全球专属服务。涵盖维修、保养和定制，随时为您保驾护航。,天猫.json
VERTU AGENT Q 智能腕表是否配备私人管家服务按键？,是的，手机侧边设有红宝石按键，可一键呼叫VERTU私人管家服务，连接至服务总台，提供全球范围内的1对1管家式服务。,天猫.json
VERTU Agent Q手机电池续航怎么样？,这款配备5565mAh大电池，日常使用一到两天完全没问题。,天猫.json
VERTU Agent Q手机充一次电可以用多久？,这款手机充电一次，正常使用可续航一到两天，完全够用。,天猫.json
VERTU Agent Q手机能用几年？,这款手机配备16GB+1TB大存储，正常使用三到五年完全没问题。,天猫.json
VERTU Agent Q手机在哈尔滨低温环境下会不会冻住或自动停机？,VERTU Agent Q手机在低温环境下表现稳定。建议避免极端低温环境使用，以确保最佳性能。,天猫.json
VERTU AGENT Q 限量版旗舰新品是否支持实物展示？,我给您发几张实拍图吧，客服可发送实拍照片和视频，供您参考，后续下单还有礼赠。[VERTU AGENT Q 限量版实拍图],天猫.json
VERTU Agent Q手机在玩和平精英游戏时能保持多少帧？,搭载3nm骁龙8 Elite处理器，游戏运行更流畅。玩和平精英可稳定高帧率，体验更畅快。,天猫.json
VERTU Agent Q是否配备A5加密芯片和一机三系统?,配备A5加密芯片和一机三系统，安全防护更全面。,天猫.json
VERTU Agent Q旗舰手机的白锆石是什么材质？,白锆石是高品质合成锆石，折射率高，光泽闪耀。用于装饰，提升手机整体质感。,天猫.json
VERTU Agent Q旗舰手机是否支持安卓和苹果设备连接？,支持安卓和苹果设备连接，使用更方便。,天猫.json
VERTU Agent Q旗舰手机的处理器型号是什么?,这款搭载3nm骁龙8 Elite至尊版，性能强劲，运行更流畅。,天猫.json
VERTU Agent Q旗舰手机的AI智能体数量是多少?,这款手机配备200多个AI智能体，还有7x24小时真人管家服务。,天猫.json
VERTU Agent Q智能手机的相机拍得清楚吗？,VERTU Agent Q主摄5000万像素，长焦6400万像素，超广角5000万像素，全焦段覆盖。我给您发几张实拍图吧[],天猫.json
VERTU Agent Q智能体手机内置电池容量是多少毫安？,这款配备5565mAh大电池，支持65W快充。日常使用一整天完全没问题。,天猫.json
VERTU Agent Q智能手机的电池和充电参数是什么?,这款配备5565mAh大电池，支持65W快充。日常使用一整天完全没问题。,天猫.json
VERTU Agent Q智能体手机打王者荣耀流畅吗？,VERTU Agent Q是全球首款AI Agent手机，搭载3nm骁龙8 Elite至尊版处理器，16GB+1TB存储，配备6.02英寸120Hz柔性AMOLED屏，性能强劲，可流畅运行《王者荣耀》等大型游戏。,天猫.json
VERTU AGENT Q 智能手机支持移动联通网络吗?,支持5G双卡双待双通，移动和联通都能顺畅使用。,天猫.json
VERTU AGENT Q 旗舰新品是否为黄金制作？,这款VERTU AGENT Q不是黄金材质哦，不过我们有黄金款可选，您感兴趣吗？,天猫.json
VERTU AGENT Q 牛皮款手机支持无线充电吗?,这款手机不支持无线充电，有线充电更稳定高效。,天猫.json
VERTU AGENT Q 牛皮款手机包装清单包含什么?,包含手机、礼盒、充电线、充电器、三包服务卡、说明书、24小时私人管家、屏幕保护膜、SIM卡取卡针、绒布袋、VERTU发票、皮套。,天猫.json
VERTU Agent Q旗舰手机是否可以做到不被监听？,VERTU旗舰机采用量子加密技术，配合Web3.0安全架构，全方位防护通信隐私，有效防止被监听，保障信息安全。,天猫.json
VERTU AGENT Q 碳纤纹小牛皮手机有哪些颜色可选？,有多种颜色可选，我给您看看外观图[],天猫.json
量子折叠屏与VERTU Agent Q两款手机有什么区别？,量子折叠屏主打快充与强散热，20分钟充电70%，低温下也能稳定运行。  VERTU Agent Q是全球首款AI手机，配置顶级，支持双卫星通话，安全奢华兼具。,天猫.json
VERTU AGENT Q手机的长宽高分别是多少?,这款手机长165.2mm，宽74.6mm，厚11.5mm，拿在手里很稳。,天猫.json
VERTU Agent Q手机支持哪些系统？能否实现工作与生活分离？,支持一机三系统，互不干扰。工作生活分开用，更安心高效。,天猫.json
VERTU Agent Q系列手机的影像系统支持哪些拍摄功能？,支持全焦段拍摄，从13mm到140mm。  配备5000万主摄，支持变焦和防抖。  夜景、微距、长焦表现都更出色。,天猫.json
VERTU Agent Q系列手机是否具备高端工艺与材质？,采用瑞表级工艺机身，搭配珍稀皮革与红宝石按键，每一款均由顶尖工匠手工打造，体现英伦奢华工艺与独特性，定位为艺术品级手机。,天猫.json
VERTU Agent Q手机是否为全球限量发售？,这款是全球首款AI Agent手机，限量发售，独特稀有。,天猫.json
VERTU AGENT Q 碳纤纹小牛皮全球首发款手机是全新正品未激活未拆封吗？,是的，这款VERTU AGENT Q碳纤纹小牛皮全球首发款为全新正品，未激活未拆封，确保您收到的是原装未使用的新机。,天猫.json
VERTU Agent Q智能体手机支持哪些存储配置？,这款手机配备16GB+1TB大存储，还支持10TB分布式存储，空间超大，文件随时存取。,天猫.json
VERTU Agent Q智能体手机的电池和快充配置是什么？,这款配备5565mAh大电池，支持65W快充。日常使用一整天完全没问题。,天猫.json
VERTU Agent Q智能体手机的加密与安全配置是什么？,配备A5加密芯片和一机三系统，端到端加密更安全可靠。,天猫.json
VERTU Agent Q 碳纤纹小牛皮全球首发款手机好用吗？,这款手机性能强大，操作流畅，体验出色。搭载3nm高通骁龙8 Elite至尊版，主频高达4.32GHz，性能跃升30%且功耗降低20%，搭配16GB大内存，无论大型应用还是复杂AI任务都流畅无压力。配备超6000mm² VC均热板散热，长时间高负载使用也不卡顿，算力领先主流旗舰。支持双卫星双向通话，内置5565mAh硅基电池+65W快充，影像系统覆盖13mm-140mm全焦段，配备A5加密芯片与一机三系统，端到端加密保障安全，还有200+AI智能体与7x24真人管家，兼具实用与奢华。,天猫.json
VERTU Agent Q的屏幕和电池配置是什么?,VERTU Agent Q配6.02英寸120Hz柔性AMOLED屏，显示流畅细腻。  内置5565mAh大电池，支持65W快充，续航持久，充电快。,天猫.json
VERTU Agent Q支持哪些核心功能?,VERTU Agent Q支持双卫星双向通话，配备A5加密芯片+一机三系统，端到端加密保障安全。拥有200+AI智能体与7x24小时真人管家服务。,天猫.json
VERTU Agent Q手机流畅不卡顿吗?,搭载3nm高通骁龙8 Elite至尊版，主频高达4.32GHz，性能跃升30%且功耗降低20%，搭配16GB大内存，无论大型应用还是复杂AI任务都流畅无压力。超6000mm² VC均热板散热，长时间高负载使用也不卡顿，算力领先主流旗舰。,天猫.json
VERTU Agent Q是全球首款AI Agent手机，其信号接受速度如何？,这款手机采用厚金电镀工艺，19个关键元器件加持。黄金抗氧化，信号稳定持久，十年如一。,天猫.json
VERTU Agent Q手机的存储空间有多大？是否支持10TB分布式存储？,这款手机配备16GB+1TB本地存储，还支持10TB分布式存储，空间超大，文件存取更方便。,天猫.json
VERTU Agent Q手机支持直播功能吗？,这款手机暂不支持直播功能。,天猫.json
VERTU Agent Q有哪些功能？,VERTU Agent Q是全球首款AI Agent手机，搭载3nm骁龙8 Elite至尊版，16GB+1TB存储搭配10TB分布式存储；6.02英寸120Hz柔性AMOLED屏，影像系统为5000万主摄（可变光圈+OIS）+6400万长焦（微距）+5000万超广角，覆盖13mm-140mm全焦段；内置5565mAh硅基电池+65W快充，支持双卫星双向通话；配备A5加密芯片+一机三系统，端到端加密保障安全；瑞表级工艺机身搭配珍稀皮革与红宝石按键；拥有200+AI智能体，覆盖工作（招聘、合同审核）、生活（翻译、预订）全场景，打破APP壁垒无需跳转；支持AI图片编辑、73国通话翻译等功能；配备7x24小时真人管家，服务体验远超纯软件AI手机。,天猫.json
VERTU Agent Q是否支持73国通话翻译？,支持73国通话翻译，跨语言沟通更顺畅。,天猫.json
VERTU Agent Q是否支持AI图片编辑？,支持AI图片编辑，轻松一键美化照片。,天猫.json
VERTU Agent Q是否支持AI智能体跨应用无缝协作？,VERTU Agent Q支持200多个AI智能体，跨应用无缝协作。无需跳转，任务一键完成。,天猫.json
VERTU Agent Q手机支持刷视频、打游戏和聊天吗？,支持刷视频、打游戏和聊天。5565mAh超大硅基电池，容量远超iPhone 17 Pro Max（5088mAh）和三星Z Fold 7（4400mAh），搭配65W快充，续航更持久、回血更快。搭载3nm高通骁龙8 Elite至尊版，主频高达4.32GHz，性能跃升30%且功耗降低20%，搭配16GB大内存，无论大型应用还是复杂AI任务都流畅无压力。超6000mm² VC均热板散热，长时间高负载使用也不卡顿，算力领先主流旗舰。,天猫.json
VERTU Agent Q手机玩原神最高画质会卡顿吗?,支持游戏的噢老板。搭载3nm高通骁龙8 Elite至尊版，主频高达4.32GHz，性能跃升30%且功耗降低20%，搭配16GB大内存，无论大型应用还是复杂AI任务都流畅无压力。超6000mm² VC均热板散热，长时间高负载使用也不卡顿，算力领先主流旗舰。,天猫.json
VERTU Agent Q 碳纤纹小牛皮手机是否具备端到端加密安全机制？,配备A5加密芯片和一机三系统，端到端加密更安全可靠。,天猫.json
VERTU Agent Q手机与华为三折叠手机有什么不同？,VERTU Agent Q是直屏设计，搭载顶级3nm芯片，性能强劲。  配备16GB+1TB大存储，支持双卫星通话，安全可靠。  高端工艺搭配AI管家服务，体验尊贵非凡。,天猫.json
VERTU Agent Q手机是否物有所值？,VERTU Agent Q手机不仅有品牌价值，更在安全、智能、影像和性能上全面领先。  硬件加密+多系统防护，隐私安全更有保障。  AI功能全覆盖，拍照强、性能猛，体验远超普通旗舰。,天猫.json
VERTU Agent Q手机支持四个微信同时在线吗？,支持四个微信同时在线。通过指纹或密码快速切换，使用更方便。,天猫.json
VERTU Agent Q手机需要切换系统才能使用四个微信吗？,无需切换系统，指纹或密码解锁即可快速切换微信。,天猫.json
VERTU Agent Q手机的主摄像头是否支持可变光圈和光学防抖？,主摄像头支持可变光圈和光学防抖，拍照更稳定清晰。,天猫.json
VERTU Agent Q手机的长焦镜头是否支持微距拍摄？,长焦镜头支持微距拍摄，细节捕捉更清晰。,天猫.json
VERTU Agent Q手机的重量是多少？,这款手机约240克，拿在手里刚刚好，手感扎实不累手。,天猫.json
VERTU AGENT Q 碳纤纹小牛皮手机有哪些主要配置和功能？,VERTU AGENT Q 碳纤纹小牛皮手机搭载骁龙8 Elite处理器，性能强劲。  配备5565mAh大电池，支持65W快充，续航持久。  120Hz高刷AMOLED直面屏，拍照清晰，全国联保更安心。,天猫.json
VERTU Agent Q手机支持微信看视频吗?,支持微信看视频。这款VERTU Agent Q手机配置顶级，流畅播放毫无压力。,天猫.json
VERTU Agent Q手机与普通智能手机有什么区别？,VERTU Agent Q是AI智能助手手机，配置高端，设计奢华。日常使用更智能便捷，体验更出众。,天猫.json
VERTU Agent Q手机主摄像素与苹果手机相比哪个更胜一筹？,这款主摄达5000万像素，成像细节更清晰，与苹果手机相比各有优势。,天猫.json
VERTU AGENT Q 旗舰新品机甲款式有没有无线充电功能？,这款没有无线充电功能哦，搭配65W快充，20分钟就能充到70%，日常使用完全没压力。,天猫.json
VERTU Agent Q在玩游戏时会有问题吗?,VERTU Agent Q玩游戏也流畅，日常使用完全没问题。,天猫.json
VERTU AGENT Q 碳纤纹小牛皮手机主摄像素是多少？,这款手机主摄5000万像素，长焦6400万，超广角5000万，全焦段拍摄更灵活。,天猫.json
VERTU AGENT Q 碳纤纹小牛皮手机支持哪些焦段拍摄？,支持13mm-140mm全焦段拍摄。我给您看看外观图[],天猫.json
VERTU AGENT Q 碳纤纹小牛皮手机在暗光环境下的表现如何？,暗光环境下进光量多18%，高光抑制更强。夜景表现远超同级，细节更清晰。,天猫.json
VERTU Agent Q手机支持5G双卡双待吗？,支持5G双卡双待，性能强劲。搭载3nm骁龙8 Elite处理器，运行流畅不卡顿。,天猫.json
VERTU Agent Q手机是否使用骁龙8-3处理器？,不是，这款手机搭载的是3nm骁龙8 Elite至尊版处理器，性能强劲，运行更流畅。,天猫.json
VERTU AGENT Q手机防水防爆防偷吗？,AGENT Q虽无防水设计，但经过数百次防摔测试，坚固耐用。配备A5加密芯片，支持三系统隔离，数据更安全。,天猫.json
VERTU Agent Q旗舰新品有哪些核心配置和专属服务？,全球首款AI智能体手机，搭载3nm骁龙8 Elite至尊版，16GB+1TB存储搭配10TB分布式存储；6.02英寸120Hz柔性AMOLED屏，影像系统为5000万主摄（可变光圈+OIS）+6400万长焦（微距）+5000万超广角，覆盖13mm-140mm全焦段；5565mAh硅基电池+65W快充，支持双卫星双向通话；配备A5加密芯片+一机三系统，端到端加密保障安全；瑞表级工艺机身搭配珍稀皮革与红宝石按键；拥有200+AI智能体与7x24真人管家服务；附赠原装小牛皮皮套、一年尊贵英式私人管家服务（价值2万元）、24期免息分期、30天保价服务及终身屏幕保护膜。,天猫.json
VERTU Agent Q手机是否具备普通手机的所有功能？,VERTU Agent Q作为旗舰手机，涵盖了普通手机的所有功能；在此基础上，还具备更卓越的性能、影像系统、AI智能体及安全防护等特色功能，提供更尊贵的使用体验。,天猫.json
VERTU Agent Q手机采用的皮质是什么？,VERTU Agent Q手机采用密西西比鳄鱼皮腹部最柔软的部分，上百张中选择一张，独一无二。我给您看看外观图[],天猫.json
VERTU Agent Q手机的影像系统支持哪些焦段？,VERTU Agent Q手机影像系统覆盖13mm至140mm全焦段。从超广角到长焦，拍摄更灵活。,天猫.json
VERTU Agent Q手机有蓝牙功能吗?,有蓝牙功能，VERTU WATCH智能腕表支持低功耗蓝牙连接，稳定又省电。,天猫.json
VERTU AGENT Q 限量版旗舰手机支持哪些隐私功能？,我给您发几张实物图看看，支持硬件级加密、独立安全芯片、隐私通话模式等隐私功能，详情可联系客服获取。[VERTU AGENT Q隐私功能演示视频],天猫.json
VERTU Agent Q手机打游戏会卡吗?,搭载3nm骁龙8 Elite处理器，16GB+1TB存储，游戏运行流畅不卡顿。,天猫.json
VERTU AGENT Q 限量版旗舰手机的蓝色和黑色款实拍图在哪里查看？,我给您发几张实拍图吧，蓝色和黑色款都非常大气。[VERTU AGENT Q 三色外观图],天猫.json
当兵能用VERTU AGENT Q吗？,部队对手机使用有明确规定，建议您先咨询所在部队的管理部门，确认是否允许使用哦。,天猫.json
Vertu AGENT Q旗舰新品是否支持终身屏幕保护?,这款支持终身屏幕保护，使用更安心。,天猫.json
VERTU Agent Q手机的目标用户群体是什么？,这款手机专为超高净值人群打造，彰显身份与品位。  注重手工工艺与隐私安全，提供专属尊享服务。,天猫.json
VERTU Agent Q手机属于什么类型？,VERTU Agent Q手机是5G智能手机，全球首款AI Agent手机，搭载3nm骁龙8 Elite至尊版，16GB+1TB存储，支持10TB分布式存储，配备6.02英寸120Hz柔性AMOLED屏，影像系统覆盖13mm-140mm全焦段，内置5565mAh硅基电池支持65W快充，支持双卫星双向通话，配备A5加密芯片与一机三系统，端到端加密保障安全，采用瑞表级工艺机身，搭配珍稀皮革与红宝石按键，支持200+AI智能体与7x24真人管家。,天猫.json
VERTU AGENT Q旗舰机的一机三系统支持几个微同时在线？,这款旗舰机支持4个微同时在线，多任务处理更高效。,天猫.json
VERTU AGENT Q旗舰机的三系统如何实现无缝切换？,VERTU AGENT Q旗舰机支持指纹解锁快速切换系统。操作简单，体验流畅无延迟。,天猫.json
VERTU AGENT Q旗舰机的三系统与普通品牌手机的访客模式有何区别？,VERTU AGENT Q的三系统独立运行，主系统、加密系统、伪装系统互不干扰，信息更安全。普通访客模式仅临时隔离，无法实现系统级加密。,天猫.json
VERTU AGENT Q旗舰机有哪些具体型号支持三系统？,支持三系统的机型有Meta2折叠屏新款AGENT Q，系统切换更流畅，办公更高效。,天猫.json
VERTU Agent Q手机的分布式存储是云盘吗？,可以这么理解，相当于10TB的分布式存储空间。足够存放大量数据，安全又便捷。,天猫.json
VERTU Agent Q的加密系统支持安装市面上的所有软件吗?,VERTU Agent Q的加密系统专注安全，仅支持绿泡泡、银行转账、web3和加密通话。其他应用可切换主系统使用，详情可参考新品Agent Q。,天猫.json
VERTU Agent Q的双系统分别是什么？,VERTU Agent Q支持一机三系统，主系统为安卓，另配加密系统，融合安卓与Web3技术，安全又智能。,天猫.json
VERTU Agent Q的加密系统是否兼容主流APP？,VERTU Agent Q的加密系统专注安全，支持绿泡泡、银行转账、web3和加密通话。主流APP可在主系统使用，加密模式下功能更专注安全。,天猫.json
VERTU Agent Q是什么型号？,VERTU Agent Q是全球首款AI Agent手机，搭载3nm骁龙8 Elite至尊版，16GB+1TB存储，10TB分布式存储，6.02英寸120Hz柔性AMOLED屏，5000万主摄（可变光圈+OIS）+6400万长焦（微距）+5000万超广角，覆盖13mm-140mm全焦段，5565mAh硅基电池+65W快充，支持双卫星双向通话，配备A5加密芯片和一机三系统，端到端加密保障安全，瑞表级工艺机身，珍稀皮革与红宝石按键，200+AI智能体与7x24真人管家。,天猫.json
VERTU Agent Q支持哪些系统？,支持安卓系统和VERTU专属OS。一台手机搭载三个系统，双芯片运行更稳定。,天猫.json
VERTU Agent Q的安全保障机制有哪些？,配备A5加密芯片和三系统隔离，数据安全更有保障。,天猫.json
VERTU AGENT Q手机的黑色和白色边框有什么区别？,白色边框更亮，显得更亮眼；黑色边框更沉稳，质感更高级。,天猫.json
VERTU Agent Q手机相比华为和苹果有哪些优势？,VERTU Agent Q是全球首款AI Agent手机，搭载3nm骁龙8 Elite至尊版，主频高达4.32GHz，性能提升30%且功耗降低20%，搭配16GB+1TB存储及10TB分布式存储；配备6.02英寸120Hz柔性AMOLED屏，影像系统覆盖13mm-140mm全焦段；内置5565mAh硅基电池，支持65W快充，续航优于iPhone 17 Pro Max和三星Z Fold 7；支持双卫星双向通话；配备A5加密芯片与一机三系统，实现端到端加密，保障隐私安全；拥有200+AI智能体与7x24小时真人管家服务，采用瑞表级工艺，机身搭配珍稀皮革与红宝石按键，兼具奢华与实用性。,天猫.json
VERTU Agent Q的屏幕是否为蓝宝石屏幕?,VERTU Agent Q配备6.02英寸120Hz柔性AMOLED屏，虽未明确标注蓝宝石，但机身采用瑞表级工艺，防护性能出色。,天猫.json
VERTU Agent Q手机的加密通话功能，如果对方使用其他品牌手机，还能使用吗？,如果对方用其他品牌手机，无法使用加密通话。但双方都用我们自家软件，就能安全通话。,天猫.json
VERTU Agent Q是否兼容苹果系统?,VERTU Agent Q不兼容苹果系统哦。,天猫.json
VERTU Agent Q使用微信等应用会不会受影响?,支持微信等应用正常使用。配备A5专用硬件加密芯片和一机三系统，实现系统隔离与端到端加密，保障聊天安全，不影响微信等应用使用。,天猫.json
VERTU AGENT Q 旗舰新品全球首发预售支持哪些系统？,支持一机三系统，隐私保护更到位，使用更安心。,天猫.json
VERTU AGENT Q旗舰新品支持骁龙 8 Elite至尊版 AI 芯片和量子密钥吗？,VERTU AGENT Q旗舰新品搭载骁龙8 Elite至尊版AI芯片，性能强劲。  支持量子密钥技术，安全级别极高。  配置顶级，体验非凡。,天猫.json
SIGNATURE S总裁手机有哪些功能?,这款手机配备60Hz蓝宝石屏，触控顺滑。  内置950mAh电池，支持22.5W快充。  2英寸小屏便携精致，支持微信通话。  陶瓷听枕设计，听筒亮光随状态变化。  按键镶嵌4.75克拉红宝石，专利防磨损。,天猫.json
VERTU AGENT Q奢品直面屏手机的配置信息是什么？,这款手机搭载高通骁龙8至尊版处理器，配备16G+1T+10T超大存储。  5000万主摄搭配64MP潜望长焦，拍照更清晰。  5565mAh大电池支持65W快充，续航持久，充电快。,天猫.json
VERTU AGENT Q奢品直面屏手机支持哪些充电方式？,支持65W快充，充电速度快。还支持无线充电，使用更方便。,天猫.json
VERTU AGENT Q旗舰新品是否有充电线？,有的哦，标配充电线，方便您即开即用。,天猫.json
VERTU AGENT Q旗舰新品预售是否支持双曲屏和直面屏选择？,这款旗舰新品支持双曲屏和直面屏自由选择，满足不同审美需求。,天猫.json
VERTU Agent Q手机的屏幕抗摔性能如何？,这款屏幕硬度接近钻石，耐磨防刮，日常使用更安心。,天猫.json
VERTU Agent Q手机的屏幕硬度是否仅次于钻石？,这款屏幕硬度接近钻石，耐磨防刮，日常使用更安心。,天猫.json
VERTU AGENT Q 旗舰新品全球限量发售，高定礼盒包装有几层？,高定礼盒共3层，精致有质感。配件齐全，开箱体验很棒。,天猫.json
VERTU AGENT Q 旗舰新品全球限量发售，是否包含皮套？,是的，皮套会随订单一起发出，方便您直接使用。,天猫.json
VERTU Agent Q手机能值几万？,VERTU Agent Q是全球首款AI Agent手机，搭载3nm骁龙8 Elite至尊版，16GB+1TB存储搭配10TB分布式存储，6.02英寸120Hz柔性AMOLED屏，影像系统为5000万主摄（可变光圈+OIS）+6400万长焦（微距）+5000万超广角，覆盖13mm-140mm全焦段，内置5565mAh硅基电池+65W快充，支持双卫星双向通话。全球精选原材料，顶级工匠大师手工制作，每台都是独一无二的。,天猫.json
VERTU AGENT Q旗舰新品支持专属私人管家服务吗？,VERTU为每部手机提供专属私人管家服务，确保符合客户严苛标准和期望。,天猫.json
VERTU AGENT Q旗舰新品使用稀有皮质和珠宝吗？,VERTU AGENT Q旗舰新品采用稀有皮质和珠宝，体现非凡工艺与奢华品质。,天猫.json
VERTU AGENT Q 智能腕表卡顿吗？,这款腕表配置顶配，运行流畅不卡顿，使用体验非常顺滑。,天猫.json
VERTU Agent Q 粉色鳄鱼皮版本使用什么材质？,粉色款式为鳄鱼皮材质。我给您看看外观图[],天猫.json
VERTU Agent Q 粉色鳄鱼皮版本是否支持定制？,这款粉色鳄鱼皮版本支持定制，下单后即可安排，专属感十足。,天猫.json
VERTU Agent Q手机的卫星通信功能在平台商品详情页中是否明确标注？,VERTU Agent Q支持卫星通信功能。详情页未完整展示，建议查看实拍视频了解完整功能。,天猫.json
VERTU Agent Q旗舰手机的皮质材质在潮湿环境是否耐用？,这款手机后续将推出非皮质版本，更适合香港潮湿环境，耐用性更佳。,天猫.json
VERTU Agent Q旗舰手机是否支持非皮质材质版本？,后续将推出非皮质版本，更适合香港潮湿环境，使用更安心。,天猫.json
VERTU Agent Q手机的铰链打开是干嘛的？,VERTU Agent Q的铰链设计用于插卡，方便更换或取出SIM卡。,天猫.json
VERTU Agent Q手机可以使用电源键指纹解锁吗？,VERTU Agent Q手机采用屏下指纹解锁，更安全便捷。,天猫.json
VERTU Agent Q手机屏幕支持什么规格？,这款手机配备6.02英寸120Hz柔性AMOLED屏，显示流畅细腻。,天猫.json
VERTU AGENT Q智能手机可以连接华为手机吗?,可以的，安卓6.0以上都能用METASELF APP连接。华为手机大部分都兼容，操作简单方便。,天猫.json
VERTU AGENT Q智能手机与3万元的VERTU手机在参数上有何区别?,VERTU AGENT Q与三万元的VERTU手机均为原装智能机，配置各有不同，价格也有所差异。,天猫.json
VERTU Agent Q的屏幕是三星屏幕吗?,这款屏幕采用柔性AMOLED材质，显示效果更细腻，不使用三星屏幕。,天猫.json
VERTU Agent Q会不会卡顿？,不会的哦，搭载3nm高通骁龙8 Elite至尊版处理器，主频高达4.32GHz，性能跃升30%且功耗降低20%，搭配16GB大内存，无论大型应用还是复杂AI任务都流畅无压力。超6000mm² VC均热板散热，长时间高负载使用也不卡顿，算力领先主流旗舰。,天猫.json
VERTU Agent Q是目前最好的处理器吗？,是的呢，亲亲，搭载的3nm骁龙8 Elite至尊版是目前最好的处理器哦~,天猫.json
VERTU Agent Q的配置是不是最高的？,是的呢，亲亲，这款是17号刚上市的新品，配置都是最高的，搭载3nm高通骁龙8 Elite至尊版处理器，16GB+1TB存储搭配10TB分布式存储，6.02英寸120Hz柔性AMOLED屏，影像系统为5000万主摄（可变光圈+OIS）+6400万长焦（微距）+5000万超广角，覆盖13mm-140mm全焦段。内置5565mAh硅基电池+65W快充，支持双卫星双向通话。配备A5加密芯片+一机三系统，端到端加密保障安全。瑞表级工艺机身搭配珍稀皮革与红宝石按键，还有200+AI智能体与7x24真人管家，兼顾实用与奢华。,天猫.json
VERTU Agent Q支持视频查看吗？,支持视频查看，所有智能功能都齐全。  AI全场景覆盖，操作更便捷，体验更流畅。,天猫.json
VERTU Agent Q手机的镶金装饰是99纯真金还是钛合金表层镀金？,这款VERTU Agent Q手机采用纯真金装饰条，不是镀金。,天猫.json
VERTU Agent Q手机的后盖设计灵感来源于什么？,后盖设计灵感源自品牌故事中的“海东青”（白隼）的羽翼，被称为“鹰翼式后盖”。这不仅是一个名字，更是将产品灵感故事具象化，赋予设备生命力和动态美感。,天猫.json
VERTU Agent Q手机的‘大展鸿图’寓意是否与产品设计有关？,“大展鸿图”是美好寓意，与设计无关，象征事业腾飞，寓意吉祥。,天猫.json
VERTU AGENT Q 限量版旗舰新品的套餐和旗舰店品质是否一样？,是的，官方旗舰店销售，品质有保障。,天猫.json
VERTU Agent Q手机支持哪些主要性能配置？,处理器：3nm骁龙8 Elite至尊版；存储：16GB+1TB，搭配10TB分布式存储；屏幕：6.02英寸120Hz柔性AMOLED屏；影像系统：5000万主摄（可变光圈+OIS）+6400万长焦（微距）+5000万超广角，覆盖13mm-140mm全焦段；电池：5565mAh硅基电池，支持65W快充；支持双卫星双向通话；配备A5加密芯片+一机三系统，端到端加密保障安全；机身采用瑞表级工艺，珍稀皮革与红宝石按键；内置200+AI智能体与7x24真人管家。,天猫.json
VERTU Agent Q手机不同选项之间有什么区别？,新款参数配置都一样，主要是分了小牛皮和鳄鱼皮老板；搭载3nm高通骁龙8 Elite至尊版，主频高达4.32GHz，性能跃升30%且功耗降低20%，搭配16GB大内存，无论大型应用还是复杂AI任务都流畅无压力。,天猫.json
VERTU AGENT Q 旗舰新品是否支持全球通用系统？,VERTU AGENT Q 旗舰新品搭载定制系统，支持全球通用。系统稳定，畅享全球网络。,天猫.json
VERTU AGENT Q 旗舰新品是否支持华为鸿蒙系统以外的系统？,VERTU AGENT Q 旗舰新品搭载安卓深度定制系统，兼容国内主流使用环境。支持多种场景，灵活好用。,天猫.json
VERTU AGENT Q 手机的尖端科技具体指什么？,这款手机搭载骁龙8 Elite至尊版AI芯片，性能强劲。  结合量子密钥与独家加密系统，安全无忧。  还有专属私人助理，贴心又高效。,天猫.json
VERTU AGENT Q 手机的顶配具体指哪方面？,顶配体现在骁龙8 Elite芯片、量子密钥加密，以及全球私人管家服务。,天猫.json
VERTU AGENT Q 手机在英国是否有人使用？,这款手机在英国已有用户在使用，品质值得信赖。,天猫.json
VERTU Agent Q手机配备的加密芯片和系统架构是什么？,这款配备A5加密芯片，支持一机三系统。端到端加密，信息安全更有保障。,天猫.json
VERTU Agent Q手机的电池容量相比iPhone 17 Pro Max和三星Z Fold 7如何？,这款配备5565mAh超大硅基电池，续航更持久。相比iPhone 17 Pro Max和三星Z Fold 7，续航表现更出色。,天猫.json
VERTU AGENT Q手机是否支持普通电话卡？,是的，VERTU AGENT Q支持普通电话卡。双卡双待全网通，使用更方便。,天猫.json
VERTU Agent Q前置摄像头多少像素？,前置3200万像素，自拍清晰细腻，细节更出众。,天猫.json
VERTU Agent Q旗舰手机是否需要贴膜?,不需要贴膜，因其采用康宁大猩猩玻璃陶瓷2材质，具备出色的抗摔、抗划痕能力，足以应对日常使用场景的磨损挑战。,天猫.json
在天猫购买VERTU Agent Q旗舰手机与实体店购买有什么区别?,天猫购买支持七天无理由退换，还有运费险和保价服务。  还能额外领取礼品，更划算。,天猫.json
VERTU Agent Q旗舰手机的哪个外壳是鳄鱼皮材质？,VERTU Agent Q旗舰手机中，有款采用鳄鱼皮材质外壳，质感高级，彰显尊贵。,天猫.json
VERTU Agent Q手机后置摄像头像素清晰吗？,我给您发几张实拍图吧，非常清晰哦亲爱的，后置摄像头为6400万像素；主摄5000万像素+长焦6400万像素+超广角5000万像素的全高像素组合，支持机械变焦和人眼仿生镜头，暗光进光量多18%，夜景高光抑制提升23%，微距、长焦、夜景表现全面超越同级。[],天猫.json
VERTU Agent Q手机屏幕玻璃是什么材质？,这款手机配备AMOLED直面屏，支持120Hz高刷新率。屏幕采用耐磨耐摔的优质玻璃材质，触控流畅，显示清晰。,天猫.json
VERTU AGENT Q系列手机的包装方式是什么？,VERTU手机采用精美礼盒包装，开箱即享尊贵体验。,天猫.json
VERTU AGENT Q 5G智能手机支持抖音、微信、支付宝吗？,支持抖音、微信、支付宝，日常使用完全没问题。,天猫.json
VERTU AGENT Q手机待机时间多长？,这款手机待机时间约一周，日常使用下续航很给力。,天猫.json
VERTU Agent Q手机的相机支持多少倍变焦？,支持50倍光学与数字混合变焦。  配备机械变焦和人眼仿生镜头，远摄更清晰。,天猫.json
VERTU AGENT Q旗舰新品支持1TB内存吗？,支持1TB超大内存，运行流畅不卡顿。,天猫.json
VERTU Agent Q旗舰手机运行怎样?,搭载骁龙8 Elite至尊版处理器，运行流畅不卡顿，日常使用和游戏都轻松应对。,天猫.json
VERTU Agent Q的运行速度怎么样?,搭载3nm高通骁龙8 Elite至尊版，主频高达4.32GHz，性能跃升30%且功耗降低20%，搭配16GB大内存，无论大型应用还是复杂AI任务都流畅无压力。超6000mm² VC均热板散热，长时间高负载使用也不卡顿，算力领先主流旗舰。,天猫.json
VERTU Agent Q是否支持双卡?,支持双卡全网通，5G和卫星通话都支持，使用更方便。,天猫.json
VERTU AGENT Q型号手机是否支持双系统？,支持一机三系统，搭载A5加密芯片，安全防护更全面。,天猫.json
VERTU Agent Q手机屏幕是激光玻璃吗?,这款手机采用柔性AMOLED屏幕，显示效果更细腻，不是激光玻璃。,天猫.json
VERTU Agent Q手机的主摄像头参数是什么？,这款主摄达5000万像素，支持可变光圈和光学防抖，拍照更清晰稳定。,天猫.json
VERTU Agent Q 手机有配套的手机钢化膜吗？,VERTU Agent Q手机不带钢化膜，官方暂无配套产品。建议参考其他客户推荐的优质膜。,天猫.json
VERTU AGENT Q 限量款手机边框是陶瓷材质吗？,边框是陶瓷材质，同时搭配316L精钢材质；铰链为双加固设计，包括精钢铰链和巴黎钉加固，非常耐磕碰。,天猫.json
VERTU AGENT Q 限量款手机后盖材质是什么？,这款手机后盖采用钛合金材质，坚固耐用又显高端。,天猫.json
VERTU AGENT Q 限量款手机边框和铰链是否经过加固？,这款手机边框和铰链均加固，采用精钢铰链加巴黎钉双加固设计，非常耐磕碰。,天猫.json
VERTU Agent Q需要插卡吗？,需要插卡才能使用，支持双卡双待，方便您随时切换。,天猫.json
VERTU Agent Q手机能不能当我这平时用的手机？,可以的。VERTU Agent Q是全球首款AI Agent手机，搭载3nm骁龙8 Elite至尊版，16GB+1TB存储搭配10TB分布式存储，6.02英寸120Hz柔性AMOLED屏，影像系统为5000万主摄（可变光圈+OIS）+6400万长焦（微距）+5000万超广角，覆盖13mm-140mm全焦段。内置5565mAh硅基电池+65W快充，支持双卫星双向通话。配备A5加密芯片+一机三系统，端到端加密保障安全。瑞表级工艺机身搭配珍稀皮革与红宝石按键，还有200+AI智能体与7x24真人管家，兼顾实用与奢华。,天猫.json
VERTU Agent Q手机能打电话吗？,当然可以，这款是智能手机，支持正常通话。,天猫.json
VERTU Agent Q直面屏手机最大屏幕几寸？,6.02英寸AMOLED直面屏，分辨率1080x2340，支持120Hz高刷新率，视觉清晰流畅。,天猫.json
VERTU Agent Q直面屏手机背面可以变形吗？,VERTU Agent Q采用鹰翼门设计，背面可展开变形。,天猫.json
VERTU Agent Q有不同款式颜色吗？,有不同款式颜色，我给您发几张实拍图看看[VERTU Agent Q三色外观图],天猫.json
VERTU Agent Q直板手机支持双卡3系统吗？,支持双卡三系统，生活工作分开更安全。,天猫.json
VERTU Agent Q直板手机的硬件安全性如何？,专属A5硬件加密芯片+一机三系统+10TB分布式存储，从硬件到软件全方位防护。端到端加密聊天+MPC加密钱包，隐私数据不泄露，相比普通旗舰的单一加密方式，安全等级更高，适合商务人士存储敏感信息。,天猫.json
VERTU Agent Q直板手机的最大优点是什么？,全球首款可变光圈手机，主摄5000万像素，长焦6400万像素，超广角5000万像素，全高像素组合覆盖13mm-140mm全焦段。支持机械变焦与人眼仿生镜头，暗光进光量多18%，夜景高光抑制提升23%，微距、长焦、夜景表现全面超越同级。瑞表级机械铰链，316L精钢，红宝石按键，珍稀皮革材质，开合有清脆“咔哒”声，工艺远超普通金属玻璃机身。搭配7x24真人管家，不仅是手机更是专属身份标识，稀缺性无可替代。这款也是首款智能体手机。,天猫.json
VERTU Agent Q有哪些核心影像功能？,支持机械变焦和人眼仿生镜头，拍照更自然。  主摄5000万像素，长焦6400万，超广角5000万，全焦段覆盖。  暗光进光量多18%，夜景更清晰，高光抑制更强。,天猫.json
8848钛金手机与VERTU Agent Q有何区别?,虽然外观可能有相似之处，但VERTU Agent Q是全球首款AI Agent手机，搭载3nm骁龙8 Elite至尊版，配备A5加密芯片+一机三系统，端到端加密保障安全，瑞表级工艺机身搭配珍稀皮革与红宝石按键，还有200+AI智能体与7x24真人管家，品牌定位、配置参数和工艺均不同。,天猫.json
VERTU AGENT Q 限量版手机的保密系统好吗?,VERTU AGENT Q 限量版配备专属加密聊天软件，支持阅后即焚、一键撤回和截屏检测，隐私保护更安心。,天猫.json
VERTU Agent Q手机支持玩《三角洲行动》吗？,支持，该手机搭载3nm骁龙8 Elite至尊版处理器，主频高达4.32GHz，性能跃升30%且功耗降低20%，搭配16GB大内存，无论大型应用还是复杂AI任务都流畅无压力。超6000mm² VC均热板散热，长时间高负载使用也不卡顿，算力领先主流旗舰，可流畅运行《三角洲行动》等大型游戏。,天猫.json
VERTU Agent Q手机支持玩《无畏契约》吗？,支持，该手机搭载3nm骁龙8 Elite至尊版处理器，主频高达4.32GHz，性能跃升30%且功耗降低20%，搭配16GB大内存，无论大型应用还是复杂AI任务都流畅无压力。超6000mm² VC均热板散热，长时间高负载使用也不卡顿，算力领先主流旗舰，可流畅运行《无畏契约》等大型游戏。,天猫.json
VERTU Agent Q手机的处理器和性能表现如何？,搭载3nm高通骁龙8 Elite至尊版，主频高达4.32GHz，性能跃升30%且功耗降低20%，搭配16GB大内存，无论大型应用还是复杂AI任务都流畅无压力；超6000mm² VC均热板散热，长时间高负载使用也不卡顿，算力领先主流旗舰。,天猫.json
VERTU AGENT Q 限量版旗舰新品的防水等级是多少？,支持IP68级防尘防水，可应对日常使用及意外泼溅。,天猫.json
VERTU Agent Q防水吗？,这款VERTU Agent Q日常防水没问题，洗手、淋雨都无需担心。,天猫.json
VERTU Agent Q防摔吗？,这款VERTU Agent Q采用蓝宝石材质，边框316L金刚全包裹，坚固耐摔，抗磕碰能力强。,天猫.json
VERTU Agent Q的性能如何？,搭载3nm高通骁龙8 Elite至尊版，主频高达4.32GHz，性能跃升30%且功耗降低20%，搭配16GB大内存，无论大型应用还是复杂AI任务都流畅无压力。超6000mm² VC均热板散热，长时间高负载使用也不卡顿，算力领先主流旗舰。,天猫.json
VERTU Agent Q的A5加密芯片有何作用？,VERTU Agent Q搭载A5加密芯片，配合三系统设计，实现全程加密。数据更安全，隐私有保障。,天猫.json
VERTU Agent Q的处理器和内存配置是什么？,这款搭载3nm骁龙8 Elite至尊版，运行流畅不卡顿。16GB+1TB存储，海量空间随心用。,天猫.json
VERTU AGENT Q 机甲款折叠外屏是什么材质？,机甲款折叠外屏采用钛合金材质，坚固又轻盈，质感出众。,天猫.json
VERTU Agent Q支持机械变焦和人眼仿生镜头吗？,支持机械变焦和人眼仿生镜头。暗光进光量多18%，夜景表现更出色。,天猫.json
VERTU Agent Q手机屏幕会刮花吗？是什么材料？,VERTU Agent Q手机屏幕为6.02英寸120Hz柔性AMOLED屏，四周边框高起，包裹屏幕，有效防刮。[],天猫.json
VERTU Agent Q的超广角摄像头像素是多少?,这款配备5000万超广角摄像头，拍摄范围更广，细节清晰。,天猫.json
VERTU agent Q智能手表有哪些款式颜色？,有曜石黑、冰川银、星云蓝等多种配色可选。,天猫.json
VERTU Agent Q的硬件配置有哪些亮点？,搭载3nm骁龙8 Elite处理器，运行流畅不卡顿。  16GB+1TB大存储，海量文件轻松存。  5565mAh大电池，支持65W快充，续航持久。,天猫.json
VERTU Agent Q的续航和通信能力如何？,配备5565mAh超大硅基电池，容量远超iPhone 17 Pro Max（5088mAh）和三星Z Fold 7（4400mAh），支持65W快充；独家支持双卫星双向语音通话，无人区也能通信，户外出行更安心。,天猫.json
VERTU Agent Q手机是否采用宝石装饰？,是的，VERTU Agent Q手机在设计中采用了红宝石按键，结合珍稀皮革材质与瑞表级工艺，彰显奢华质感。,天猫.json
VERTU Agent Q手机正常使用抖音和玩游戏可以吗？,可以的，VERTU Agent Q搭载3nm骁龙8 Elite至尊版处理器，16GB+1TB存储，配合6.02英寸120Hz柔性AMOLED屏幕，玩游戏和刷抖音都非常顺畅，体验感非常好。,天猫.json
VERTU Agent Q提供哪些皮质版本?,提供小牛皮和鳄鱼皮两种版本。我给您看看外观图[VERTU Agent Q皮质版本图],天猫.json
VERTU Agent Q手机的尺寸与苹果Pro Max系列相比如何？,这款手机尺寸与苹果Pro Max系列相近，握感舒适，携带方便。,天猫.json
VERTU Agent Q旗舰手机是全新未拆封未激活的吗?,是全新未拆封、未激活的，放心购买。,天猫.json
VERTU Agent Q手机不用手机壳吗?,VERTU Agent Q手机采用高端材质，无需手机壳也能有效防护。机身坚固，质感出众，日常使用完全安心。,天猫.json
VERTU Agent Q手机支持哪些智能服务和安全特性？,内置200+AI智能体与7x24小时真人管家服务；配备A5加密芯片与一机三系统，实现端到端加密，保障数据安全。,天猫.json
VERTU Agent Q手机的屏幕和影像系统配置是什么？,配备6.02英寸120Hz柔性AMOLED屏幕；影像系统为5000万主摄（支持可变光圈与OIS光学防抖）+6400万长焦镜头（支持微距拍摄）+5000万超广角镜头，覆盖13mm-140mm全焦段。,天猫.json
VERTU Agent Q是安卓吗?,是的，搭载安卓系统，操作流畅，使用习惯和普通安卓手机一样。,天猫.json
VERTU Agent Q的影像系统有哪些优势？,VERTU Agent Q主摄5000万像素，细节更清晰。  配备6400万长焦，支持2倍光学变焦，拍摄更稳。  前置3200万，自拍更细腻，人像更出众。,天猫.json
VERTU Agent Q手机的配置是否为目前市面上最顶级？,这款手机配置和性能均为当前顶级水准，体验非常出色。,天猫.json
VERTU Agent Q手机散热吗？质量如何？,VERTU Agent Q采用高端材质与严苛品控，质量非常可靠。  搭载3nm芯片与高效散热设计，运行稳定不发烫。  配备5565mAh大电池，快充+长续航，使用更安心。,天猫.json
VERTU Agent Q全球限量发售的AI Agent手机有哪些核心配置？,搭载3nm骁龙8 Elite至尊版，16GB+1TB存储搭配10TB分布式存储；6.02英寸120Hz柔性AMOLED屏；影像系统为5000万主摄（可变光圈+OIS）+6400万长焦（微距）+5000万超广角，覆盖13mm-140mm全焦段；内置5565mAh硅基电池+65W快充；支持双卫星双向通话；配备A5加密芯片+一机三系统，端到端加密保障安全；瑞表级工艺机身搭配珍稀皮革与红宝石按键；拥有200+AI智能体与7x24真人管家。,天猫.json
VERTU Agent Q支持全网通吗?,支持全网通，信号稳定，上网更流畅。,天猫.json
VERTU Agent Q手机的配件包括哪些？,VERTU Agent Q手机标配包含手机、充电器、卡针、说明书和皮套，配件齐全，方便使用。,天猫.json
VERTU AGENT Q 旗舰新品有2T版本吗?,这款只有1T版本，但赠送10T分布式存储。内存超大，完全够用。,天猫.json
VERTU Agent Q手机的定位是什么？,全球首款AI Agent手机，专注于为全球精英客户提供顶级奢华的手机和私人定制服务。,天猫.json
VERTU AGENT Q旗舰手机全球首发表面是否光滑?,是的，表面光滑细腻，手感舒适。,天猫.json
VERTU AGENT Q旗舰手机全球首发支持旋转吗?,这款手机不支持旋转功能，机身设计更注重稳定与质感。,天猫.json
VERTU Agent Q有什么不同？,VERTU Agent Q是全球首款AI Agent手机，搭载3nm骁龙8 Elite至尊版，16GB+1TB存储，支持65W快充，配备5565mAh硅基电池和双卫星双向通话；采用6.02英寸120Hz柔性AMOLED屏，影像系统为5000万主摄（可变光圈+OIS）+6400万长焦（微距）+5000万超广角，覆盖13mm-140mm全焦段；支持机械变焦与人眼仿生镜头，暗光进光量多18%，夜景高光抑制提升23%；配备A5加密芯片与一机三系统，端到端加密；机身采用瑞表级工艺，珍稀皮革与红宝石按键，内置200+AI智能体与7x24真人管家服务。,天猫.json
VERTU Agent Q支持游戏吗？,支持游戏哦，VERTU Agent Q搭载3nm骁龙8 Elite芯片，性能强劲，畅玩大型游戏不卡顿。,天猫.json
VERTU Agent Q的机身材质包括哪些？,VERTU Agent Q采用瑞表级工艺机身，搭配珍稀皮革与红宝石按键。我给您看看外观图[VERTU Agent Q材质细节图],天猫.json
VERTU Agent Q旗舰手机购买后有什么好处？,VERTU Agent Q是全球首款AI Agent手机，搭载3nm骁龙8 Elite至尊版，16GB+1TB存储搭配10TB分布式存储；6.02英寸120Hz柔性AMOLED屏，影像系统覆盖13mm-140mm全焦段；5565mAh硅基电池+65W快充，支持双卫星双向通话；配备A5加密芯片+一机三系统，端到端加密保障安全；瑞表级工艺机身搭配珍稀皮革与红宝石按键，拥有200+AI智能体与7x24真人管家，兼顾实用与奢华。,天猫.json
VERTU Agent Q旗舰手机的7x24真人管家会来吗？,这款手机配备7x24小时真人管家服务，随时为您贴心守护。,天猫.json
VERTU Agent Q旗舰手机的管家能解决什么问题？,VERTU Agent Q的管家能帮您处理各类合法事务，省心又高效。,天猫.json
VERTU Agent Q旗舰手机的管家可以帮打官司吗？,VERTU Agent Q的管家能帮您处理合法事务。  有需要随时联系，专业又贴心。,天猫.json
VERTU AGENT Q 旗舰新品支持量子折叠技术吗？,VERTU AGENT Q 旗舰新品为奢品Meta手机，支持量子折叠技术，全球限量发售。,天猫.json
VERTU Agent Q有几个系统？,VERTU Agent Q配备三大系统：主系统、密系统和伪装系统。  支持指纹、手势、密码一键切换，操作更安全便捷。  系统独立运行，满足不同使用场景需求。,天猫.json
VERTU Agent Q的系统支持哪些切换方式？,支持指纹、手势和密码三种方式，切换更便捷。,天猫.json
VERTU AGENT Q 支持哪些材质？,您是想了解机身材质吗？我给您详细说说。,天猫.json
VERTU Agent Q旗舰手机支持哪两套卫星通信系统？,支持北斗双向卫星通信和量子折叠屏的卫星双向通话。3秒极速建联，无信号区也能通话，荒野、海上、极地全天候守护，紧急SOS定位精度达0.5米。,天猫.json
VERTU Agent Q手机在没有信号的情况下能否正常使用？,支持双向卫星通话，北斗双向卫星通信，3秒极速建联，无地面信号区仍可通话，荒野/海上/极地全天候守护。紧急SOS救援定位精度达0.5米，可在偏远或无人区正常使用。,天猫.json
VERTU Agent Q有哪些核心配置？,搭载3nm骁龙8 Elite至尊版，16GB+1TB存储搭配10TB分布式存储。6.02英寸120Hz柔性AMOLED屏，影像系统为5000万主摄（可变光圈+OIS）+6400万长焦（微距）+5000万超广角，覆盖13mm-140mm全焦段。内置5565mAh硅基电池+65W快充，支持双卫星双向通话。配备A5加密芯片+一机三系统，端到端加密保障安全。瑞表级工艺机身搭配珍稀皮革与红宝石按键，还有200+AI智能体与7x24真人管家。,天猫.json
VERTU AGENT Q旗舰手机支持哪些健康监测功能？,支持无创血糖、心率、血氧监测。日常健康随时掌握，安心更省心。,天猫.json
VERTU AGENT Q 旗舰新品有碳纤维版吗?,有的哦，这是碳纤维版本的，您看下，质感非常的高级。碳纤维有着更轻便的重量，坚固无比的硬度，无惧高温的特点。我给您看看外观图[VERTU AGENT Q 碳纤维版外观图],天猫.json
VERTU Agent Q手机能下载国内软件吗？,支持下载国内常用软件，使用更方便。,天猫.json
VERTU Agent Q手机支持哪些网络制式？,支持5G网络，双卡双待。网速快，切换更顺畅。,天猫.json
VERTU Agent Q手机是否支持通过不同指纹进入不同系统？,支持不同指纹进入不同系统，生活工作轻松隔离。,天猫.json
VERTU Agent Q手机的长焦摄像头参数是什么？,这款手机配备6400万像素长焦镜头，支持微距拍摄，细节更清晰。,天猫.json
VERTU Agent Q手机的超广角摄像头参数是什么？,这款超广角摄像头达5000万像素，支持13mm-140mm全焦段，拍摄更灵活。,天猫.json
VERTU Agent Q是5G智能机吗？可以刷视频吗？,可以刷视频的。这款是5G智能机，所有智能软件都能用。搭载3nm高通骁龙8 Elite至尊版，主频高达4.32GHz，性能跃升30%且功耗降低20%，搭配16GB大内存，无论大型应用还是复杂AI任务都流畅无压力。超6000mm² VC均热板散热，长时间高负载使用也不卡顿，算力领先主流旗舰。,天猫.json
VERTU Agent Q手机的鳄鱼皮套餐包含哪些内容？,VERTU Agent Q手机的鳄鱼皮套餐包含原装手机皮套、充电器和说明书。精致配件，品质保障。,天猫.json
VERTU AGENT Q奢品直面屏手机电池容量是否足够支持日常使用？,这款手机配备5565mAh大电池，日常使用可轻松续航一天半。,天猫.json
VERTU AGENT Q手机支持颜值支付吗?,这款手机不支持颜值支付功能。,天猫.json
VERTU Agent Q折叠后盖是干什么用的？,折叠后盖用于插入SIM卡，方便更换和管理。,天猫.json
VERTU Agent Q智能手机有哪些突出功能？,VERTU Agent Q是全球首款AI Agent手机，搭载3nm骁龙8 Elite芯片，性能强劲。  配备16GB+1TB存储，支持10TB分布式存储，运行流畅不卡顿。  AI功能全面，支持200+智能体，覆盖工作、生活全场景，体验更智能高效。,天猫.json
VERTU Agent Q智能手机支持几个系统？分别是什么？,这款手机支持三个系统：安卓系统、私密系统和幽灵系统，满足不同使用需求。,天猫.json
VERTU Agent Q是目前性能最好的手机吗？,是的，VERTU Agent Q是全球首款AI Agent手机，于2023年10月16日发布上市。搭载3nm高通骁龙8 Elite至尊版处理器，主频高达4.32GHz，性能提升30%且功耗降低20%；配备16GB+1TB存储，支持10TB分布式存储；6.02英寸120Hz柔性AMOLED屏幕；影像系统覆盖13mm-140mm全焦段，主摄为5000万像素（可变光圈+OIS），长焦6400万微距，超广角5000万；内置5565mAh硅基电池，支持65W快充；支持双卫星双向通话；配备A5加密芯片与一机三系统，实现端到端加密；机身采用瑞表级工艺，搭配珍稀皮革与红宝石按键；内置200+AI智能体与7x24小时真人管家，兼顾实用与奢华。,天猫.json
VERTU Agent Q手机防水防尘级别是多少?,支持日常防水，但皮质后盖不耐大面积进水，建议避免浸泡。,天猫.json
VERTU Agent Q手机能玩《和平精英》吗？,当然可以，VERTU Agent Q手机运行流畅，玩《和平精英》完全没问题。,天猫.json
VERTU AGENT Q 旗舰新品能玩和平精英吗?,可以玩哦，6.9英寸大折叠屏，游戏体验更畅快。,天猫.json
VERTU AGENT Q旗舰手机使用316L精钢和珍稀皮革材质吗?,是的，VERTU AGENT Q旗舰手机采用316L精钢与珍稀皮革打造，彰显高端品质与独特设计。,天猫.json
VERTU Agent Q是否支持观看抖音？,支持观看抖音，操作流畅，随时畅享短视频。,天猫.json
VERTU Agent Q手机有哪些颜色适合女士?,酒红色、奢华粉色、红色鳄鱼皮款都比较适合女性。我给您看看外观图[VERTU Agent Q三色外观图],天猫.json
VERTU Agent Q手机支持在美国使用吗？定位准确吗？卫星电话全球可用吗？,AGENT Q支持全球使用，包括美国，定位精准。卫星电话全球通用，双卫星系统，无人区也能稳定通信。,天猫.json
